Station,SampleDate,MeasureValue,Latitude,Longitude
CB2.1,2020-05-26,2.136,39.44149,-76.02599
CB2.1,2020-06-12,5.554,39.44149,-76.02599
CB2.1,2020-06-26,7.262,39.44149,-76.02599
CB2.1,2020-07-08,8.9,39.44149,-76.02599
CB2.1,2020-08-11,21.716,39.44149,-76.02599
CB2.1,2020-08-26,18.69,39.44149,-76.02599
CB2.1,2020-09-24,4.272,39.44149,-76.02599
CB2.1,2020-10-27,1.922,39.44149,-76.02599
CB2.1,2020-11-11,4.672,39.44149,-76.02599
CB2.1,2020-12-23,1.424,39.44149,-76.02599
CB2.1,2021-01-13,0.62,39.44149,-76.02599
CB2.1,2021-02-10,1.869,39.44149,-76.02599
CB2.1,2021-03-18,0.854,39.44149,-76.02599
CB2.1,2021-04-07,9.968,39.44149,-76.02599
CB2.1,2021-05-12,2.67,39.44149,-76.02599
CB2.1,2021-06-03,11.481,39.44149,-76.02599
CB2.1,2021-06-24,5.696,39.44149,-76.02599
CB2.1,2021-07-08,7.476,39.44149,-76.02599
CB2.1,2021-08-04,12.816,39.44149,-76.02599
CB2.1,2021-08-25,,39.44149,-76.02599
CB2.1,2021-09-15,8.544,39.44149,-76.02599
CB2.1,2021-10-06,2.136,39.44149,-76.02599
CB2.1,2021-11-18,0.854,39.44149,-76.02599
CB2.1,2021-12-09,4.486,39.44149,-76.02599
CB2.1,2022-02-09,5.607,39.44149,-76.02599
CB2.1,2022-03-16,,39.44149,-76.02599
CB2.1,2022-04-13,2.848,39.44149,-76.02599
CB2.1,2022-05-18,4.984,39.44149,-76.02599
CB2.1,2022-06-08,17.729,39.44149,-76.02599
CB2.1,2022-06-30,6.141,39.44149,-76.02599
CB2.1,2022-07-14,5.981,39.44149,-76.02599
CB2.1,2022-08-10,18.583,39.44149,-76.02599
CB2.1,2022-08-24,10.466,39.44149,-76.02599
CB2.1,2022-09-14,4.699,39.44149,-76.02599
CB2.1,2022-10-07,1.922,39.44149,-76.02599
CB2.1,2022-11-16,3.662,39.44149,-76.02599
CB2.1,2022-12-07,3.845,39.44149,-76.02599
CB2.1,2023-01-11,1.78,39.44149,-76.02599
CB2.1,2023-02-16,5.34,39.44149,-76.02599
CB2.1,2023-03-17,4.628,39.44149,-76.02599
CB2.1,2023-04-12,8.01,39.44149,-76.02599
CB2.1,2023-05-10,5.696,39.44149,-76.02599
CB2.1,2023-06-07,12.602,39.44149,-76.02599
CB2.1,2023-06-28,23.496,39.44149,-76.02599
CB2.1,2023-07-12,9.612,39.44149,-76.02599
CB2.1,2023-08-09,12.602,39.44149,-76.02599
CB2.1,2023-08-30,6.141,39.44149,-76.02599
CB2.1,2023-09-13,9.612,39.44149,-76.02599
CB2.1,2023-10-06,4.913,39.44149,-76.02599
CB2.1,2023-11-17,4.005,39.44149,-76.02599
CB2.1,2023-12-14,2.777,39.44149,-76.02599
CB2.1,2024-01-25,1.068,39.44149,-76.02599
CB2.1,2024-02-26,8.758,39.44149,-76.02599
CB2.1,2024-03-19,4.272,39.44149,-76.02599
CB2.1,2024-04-17,4.272,39.44149,-76.02599
CB2.1,2024-05-15,7.476,39.44149,-76.02599
CB2.1,2024-06-05,13.243,39.44149,-76.02599
CB2.1,2024-06-27,11.214,39.44149,-76.02599
CB2.1,2024-07-17,14.596,39.44149,-76.02599
CB2.1,2024-08-14,4.272,39.44149,-76.02599
CB2.1,2024-08-28,19.224,39.44149,-76.02599
CB2.1,2024-09-26,13.243,39.44149,-76.02599
CB2.1,2024-10-24,8.544,39.44149,-76.02599
CB2.1,2024-11-15,5.981,39.44149,-76.02599
CB2.1,2024-12-04,3.204,39.44149,-76.02599
CB2.2,2020-05-26,5.1265,39.34873,-76.17579
CB2.2,2020-06-12,6.141,39.34873,-76.17579
CB2.2,2020-06-26,5.554,39.34873,-76.17579
CB2.2,2020-07-08,11.392,39.34873,-76.17579
CB2.2,2020-08-11,9.256,39.34873,-76.17579
CB2.2,2020-08-26,6.586,39.34873,-76.17579
CB2.2,2020-09-24,6.301,39.34873,-76.17579
CB2.2,2020-10-27,2.2430000000000003,39.34873,-76.17579
CB2.2,2020-11-11,2.35,39.34873,-76.17579
CB2.2,2020-12-23,0.712,39.34873,-76.17579
CB2.2,2021-01-13,0.62,39.34873,-76.17579
CB2.2,2021-02-10,2.2695,39.34873,-76.17579
CB2.2,2021-03-18,2.2695,39.34873,-76.17579
CB2.2,2021-04-07,2.67,39.34873,-76.17579
CB2.2,2021-05-12,4.984,39.34873,-76.17579
CB2.2,2021-06-03,7.8765,39.34873,-76.17579
CB2.2,2021-06-24,7.342499999999999,39.34873,-76.17579
CB2.2,2021-07-08,4.984,39.34873,-76.17579
CB2.2,2021-08-04,6.301,39.34873,-76.17579
CB2.2,2021-08-25,5.696,39.34873,-76.17579
CB2.2,2021-09-15,4.806,39.34873,-76.17579
CB2.2,2021-10-06,2.848,39.34873,-76.17579
CB2.2,2021-11-18,2.136,39.34873,-76.17579
CB2.2,2021-12-09,1.922,39.34873,-76.17579
CB2.2,2022-01-27,7.69,39.34873,-76.17579
CB2.2,2022-02-09,10.146,39.34873,-76.17579
CB2.2,2022-03-16,3.471,39.34873,-76.17579
CB2.2,2022-04-13,5.34,39.34873,-76.17579
CB2.2,2022-05-18,5.162,39.34873,-76.17579
CB2.2,2022-06-08,17.4085,39.34873,-76.17579
CB2.2,2022-06-30,18.0225,39.34873,-76.17579
CB2.2,2022-07-14,6.194,39.34873,-76.17579
CB2.2,2022-08-10,21.36,39.34873,-76.17579
CB2.2,2022-08-24,15.166,39.34873,-76.17579
CB2.2,2022-09-14,11.213999999999999,39.34873,-76.17579
CB2.2,2022-10-07,3.204,39.34873,-76.17579
CB2.2,2022-11-16,5.7215,39.34873,-76.17579
CB2.2,2022-12-07,2.35,39.34873,-76.17579
CB2.2,2023-01-11,1.78,39.34873,-76.17579
CB2.2,2023-02-16,7.583,39.34873,-76.17579
CB2.2,2023-03-17,114.45400000000001,39.34873,-76.17579
CB2.2,2023-04-12,3.026,39.34873,-76.17579
CB2.2,2023-05-10,3.2039999999999997,39.34873,-76.17579
CB2.2,2023-06-07,9.078,39.34873,-76.17579
CB2.2,2023-06-28,25.631999999999998,39.34873,-76.17579
CB2.2,2023-07-12,19.936,39.34873,-76.17579
CB2.2,2023-08-09,5.447,39.34873,-76.17579
CB2.2,2023-08-30,7.69,39.34873,-76.17579
CB2.2,2023-09-13,14.098,39.34873,-76.17579
CB2.2,2023-10-06,4.806,39.34873,-76.17579
CB2.2,2023-11-17,3.2039999999999997,39.34873,-76.17579
CB2.2,2023-12-14,1.922,39.34873,-76.17579
CB2.2,2024-01-25,2.136,39.34873,-76.17579
CB2.2,2024-02-26,33.962500000000006,39.34873,-76.17579
CB2.2,2024-03-19,3.382,39.34873,-76.17579
CB2.2,2024-04-17,3.845,39.34873,-76.17579
CB2.2,2024-05-15,5.660500000000001,39.34873,-76.17579
CB2.2,2024-06-05,12.923,39.34873,-76.17579
CB2.2,2024-06-27,10.947,39.34873,-76.17579
CB2.2,2024-07-17,10.324,39.34873,-76.17579
CB2.2,2024-08-14,6.675000000000001,39.34873,-76.17579
CB2.2,2024-08-28,7.832,39.34873,-76.17579
CB2.2,2024-09-26,18.5835,39.34873,-76.17579
CB2.2,2024-10-24,6.5145,39.34873,-76.17579
CB2.2,2024-11-15,4.272,39.34873,-76.17579
CB2.2,2024-12-04,7.903,39.34873,-76.17579
CB3.1,2020-05-26,57.672,39.2495,-76.2405
CB3.1,2020-06-26,7.476,39.2495,-76.2405
CB3.1,2020-07-08,15.593,39.2495,-76.2405
CB3.1,2020-08-11,14.596,39.2495,-76.2405
CB3.1,2020-08-26,12.46,39.2495,-76.2405
CB3.1,2020-09-24,7.12,39.2495,-76.2405
CB3.1,2020-10-27,4.058,39.2495,-76.2405
CB3.1,2020-11-11,3.509,39.2495,-76.2405
CB3.1,2020-12-23,3.418,39.2495,-76.2405
CB3.1,2021-01-13,0.748,39.2495,-76.2405
CB3.1,2021-02-10,2.99,39.2495,-76.2405
CB3.1,2021-03-18,3.631,39.2495,-76.2405
CB3.1,2021-04-07,2.848,39.2495,-76.2405
CB3.1,2021-05-12,19.224,39.2495,-76.2405
CB3.1,2021-06-03,17.355,39.2495,-76.2405
CB3.1,2021-06-24,8.811,39.2495,-76.2405
CB3.1,2021-07-08,14.24,39.2495,-76.2405
CB3.1,2021-08-04,13.03,39.2495,-76.2405
CB3.1,2021-08-25,4.628,39.2495,-76.2405
CB3.1,2021-09-15,5.874,39.2495,-76.2405
CB3.1,2021-10-06,6.408,39.2495,-76.2405
CB3.1,2021-11-18,1.424,39.2495,-76.2405
CB3.1,2021-12-09,2.777,39.2495,-76.2405
CB3.1,2022-01-27,19.438,39.2495,-76.2405
CB3.1,2022-02-09,20.025,39.2495,-76.2405
CB3.1,2022-03-16,3.204,39.2495,-76.2405
CB3.1,2022-04-13,4.005,39.2495,-76.2405
CB3.1,2022-05-18,18.156,39.2495,-76.2405
CB3.1,2022-06-08,19.438,39.2495,-76.2405
CB3.1,2022-06-30,69.687,39.2495,-76.2405
CB3.1,2022-07-14,5.981,39.2495,-76.2405
CB3.1,2022-08-10,26.914,39.2495,-76.2405
CB3.1,2022-08-24,17.302,39.2495,-76.2405
CB3.1,2022-09-14,5.126,39.2495,-76.2405
CB3.1,2022-10-07,4.405,39.2495,-76.2405
CB3.1,2022-11-16,3.952,39.2495,-76.2405
CB3.1,2022-12-07,3.631,39.2495,-76.2405
CB3.1,2023-01-11,2.35,39.2495,-76.2405
CB3.1,2023-02-16,13.884,39.2495,-76.2405
CB3.1,2023-03-17,38.181,39.2495,-76.2405
CB3.1,2023-04-12,9.968,39.2495,-76.2405
CB3.1,2023-05-10,6.194,39.2495,-76.2405
CB3.1,2023-06-07,18.583,39.2495,-76.2405
CB3.1,2023-06-28,14.098,39.2495,-76.2405
CB3.1,2023-07-12,10.413,39.2495,-76.2405
CB3.1,2023-08-09,5.767,39.2495,-76.2405
CB3.1,2023-08-30,8.971,39.2495,-76.2405
CB3.1,2023-09-13,27.127,39.2495,-76.2405
CB3.1,2023-10-06,4.272,39.2495,-76.2405
CB3.1,2023-11-17,8.544,39.2495,-76.2405
CB3.1,2023-12-14,3.845,39.2495,-76.2405
CB3.1,2024-01-25,10.68,39.2495,-76.2405
CB3.1,2024-02-26,75.614,39.2495,-76.2405
CB3.1,2024-03-19,2.492,39.2495,-76.2405
CB3.1,2024-04-17,6.942,39.2495,-76.2405
CB3.1,2024-05-15,6.622,39.2495,-76.2405
CB3.1,2024-06-05,22.214,39.2495,-76.2405
CB3.1,2024-06-27,9.256,39.2495,-76.2405
CB3.1,2024-07-17,24.564,39.2495,-76.2405
CB3.1,2024-08-14,4.913,39.2495,-76.2405
CB3.1,2024-08-28,18.156,39.2495,-76.2405
CB3.1,2024-09-26,2.35,39.2495,-76.2405
CB3.1,2024-10-24,6.194,39.2495,-76.2405
CB3.1,2024-11-15,7.476,39.2495,-76.2405
CB3.1,2024-12-04,5.554,39.2495,-76.2405
CB3.2,2020-05-26,32.752,39.16369,-76.30631
CB3.2,2020-06-26,17.942,39.16369,-76.30631
CB3.2,2020-07-08,9.826,39.16369,-76.30631
CB3.2,2020-08-11,25.276,39.16369,-76.30631
CB3.2,2020-08-26,23.763,39.16369,-76.30631
CB3.2,2020-09-24,9.968,39.16369,-76.30631
CB3.2,2020-10-27,5.981,39.16369,-76.30631
CB3.2,2020-11-11,10.527,39.16369,-76.30631
CB3.2,2020-12-23,,39.16369,-76.30631
CB3.2,2021-01-13,4.272,39.16369,-76.30631
CB3.2,2021-02-10,5.767,39.16369,-76.30631
CB3.2,2021-03-18,10.68,39.16369,-76.30631
CB3.2,2021-04-07,6.942,39.16369,-76.30631
CB3.2,2021-05-12,46.992,39.16369,-76.30631
CB3.2,2021-06-03,21.093,39.16369,-76.30631
CB3.2,2021-06-24,9.612,39.16369,-76.30631
CB3.2,2021-07-08,23.496,39.16369,-76.30631
CB3.2,2021-08-04,19.01,39.16369,-76.30631
CB3.2,2021-08-25,53.133,39.16369,-76.30631
CB3.2,2021-09-15,6.764,39.16369,-76.30631
CB3.2,2021-10-06,26.7,39.16369,-76.30631
CB3.2,2021-11-18,4.058,39.16369,-76.30631
CB3.2,2021-12-09,4.699,39.16369,-76.30631
CB3.2,2022-01-27,29.477,39.16369,-76.30631
CB3.2,2022-02-09,23.852,39.16369,-76.30631
CB3.2,2022-03-16,21.36,39.16369,-76.30631
CB3.2,2022-04-13,3.204,39.16369,-76.30631
CB3.2,2022-05-18,57.316,39.16369,-76.30631
CB3.2,2022-06-08,15.166,39.16369,-76.30631
CB3.2,2022-06-30,16.447,39.16369,-76.30631
CB3.2,2022-07-14,7.262,39.16369,-76.30631
CB3.2,2022-08-10,18.583,39.16369,-76.30631
CB3.2,2022-08-24,15.379,39.16369,-76.30631
CB3.2,2022-09-14,7.476,39.16369,-76.30631
CB3.2,2022-10-07,4.539,39.16369,-76.30631
CB3.2,2022-11-16,3.524,39.16369,-76.30631
CB3.2,2022-12-07,8.117,39.16369,-76.30631
CB3.2,2023-01-11,16.447,39.16369,-76.30631
CB3.2,2023-02-16,18.156,39.16369,-76.30631
CB3.2,2023-03-17,12.816,39.16369,-76.30631
CB3.2,2023-04-12,16.661,39.16369,-76.30631
CB3.2,2023-05-10,6.622,39.16369,-76.30631
CB3.2,2023-06-07,10.68,39.16369,-76.30631
CB3.2,2023-06-28,12.602,39.16369,-76.30631
CB3.2,2023-07-12,13.884,39.16369,-76.30631
CB3.2,2023-08-09,8.758,39.16369,-76.30631
CB3.2,2023-08-30,9.826,39.16369,-76.30631
CB3.2,2023-09-13,12.389,39.16369,-76.30631
CB3.2,2023-10-06,7.903,39.16369,-76.30631
CB3.2,2023-11-17,15.486,39.16369,-76.30631
CB3.2,2023-12-14,4.058,39.16369,-76.30631
CB3.2,2024-01-25,12.816,39.16369,-76.30631
CB3.2,2024-02-26,16.376,39.16369,-76.30631
CB3.2,2024-03-19,9.256,39.16369,-76.30631
CB3.2,2024-04-17,5.767,39.16369,-76.30631
CB3.2,2024-05-15,11.107,39.16369,-76.30631
CB3.2,2024-06-05,23.71,39.16369,-76.30631
CB3.2,2024-06-27,23.763,39.16369,-76.30631
CB3.2,2024-07-17,22.161,39.16369,-76.30631
CB3.2,2024-08-14,7.69,39.16369,-76.30631
CB3.2,2024-08-28,17.8,39.16369,-76.30631
CB3.2,2024-09-26,6.194,39.16369,-76.30631
CB3.2,2024-10-24,7.476,39.16369,-76.30631
CB3.2,2024-11-15,9.398,39.16369,-76.30631
CB3.2,2024-12-04,5.554,39.16369,-76.30631
CB3.3C,2020-05-26,153.258,38.99596,-76.35967
CB3.3C,2020-06-12,10.466,38.99596,-76.35967
CB3.3C,2020-06-25,16.935,38.99596,-76.35967
CB3.3C,2020-07-07,14.525,38.99596,-76.35967
CB3.3C,2020-08-10,21.36,38.99596,-76.35967
CB3.3C,2020-08-25,32.894,38.99596,-76.35967
CB3.3C,2020-09-23,15.593,38.99596,-76.35967
CB3.3C,2020-10-27,7.323,38.99596,-76.35967
CB3.3C,2020-11-10,13.35,38.99596,-76.35967
CB3.3C,2020-12-22,4.913,38.99596,-76.35967
CB3.3C,2021-01-12,1.068,38.99596,-76.35967
CB3.3C,2021-02-09,5.798,38.99596,-76.35967
CB3.3C,2021-03-18,6.561,38.99596,-76.35967
CB3.3C,2021-04-06,14.098,38.99596,-76.35967
CB3.3C,2021-05-11,29.904,38.99596,-76.35967
CB3.3C,2021-06-02,22.642,38.99596,-76.35967
CB3.3C,2021-06-23,15.219,38.99596,-76.35967
CB3.3C,2021-07-07,38.234,38.99596,-76.35967
CB3.3C,2021-08-03,21.787,38.99596,-76.35967
CB3.3C,2021-08-24,23.069,38.99596,-76.35967
CB3.3C,2021-09-14,22.001,38.99596,-76.35967
CB3.3C,2021-10-05,31.186,38.99596,-76.35967
CB3.3C,2021-11-17,9.154,38.99596,-76.35967
CB3.3C,2021-12-08,14.596,38.99596,-76.35967
CB3.3C,2022-01-26,17.729,38.99596,-76.35967
CB3.3C,2022-02-08,9.826,38.99596,-76.35967
CB3.3C,2022-03-15,9.612,38.99596,-76.35967
CB3.3C,2022-04-12,12.602,38.99596,-76.35967
CB3.3C,2022-05-17,23.763,38.99596,-76.35967
CB3.3C,2022-06-07,10.253,38.99596,-76.35967
CB3.3C,2022-06-29,17.515,38.99596,-76.35967
CB3.3C,2022-07-13,17.088,38.99596,-76.35967
CB3.3C,2022-08-09,5.554,38.99596,-76.35967
CB3.3C,2022-08-23,14.098,38.99596,-76.35967
CB3.3C,2022-09-13,30.758,38.99596,-76.35967
CB3.3C,2022-10-06,8.411,38.99596,-76.35967
CB3.3C,2022-11-15,8.849,38.99596,-76.35967
CB3.3C,2022-12-06,10.573,38.99596,-76.35967
CB3.3C,2023-01-10,11.321,38.99596,-76.35967
CB3.3C,2023-02-15,10.253,38.99596,-76.35967
CB3.3C,2023-03-16,6.255,38.99596,-76.35967
CB3.3C,2023-04-11,5.767,38.99596,-76.35967
CB3.3C,2023-05-09,15.486,38.99596,-76.35967
CB3.3C,2023-06-06,14.098,38.99596,-76.35967
CB3.3C,2023-06-28,17.515,38.99596,-76.35967
CB3.3C,2023-07-11,12.816,38.99596,-76.35967
CB3.3C,2023-08-08,15.806,38.99596,-76.35967
CB3.3C,2023-08-29,14.311,38.99596,-76.35967
CB3.3C,2023-09-12,9.459,38.99596,-76.35967
CB3.3C,2023-10-05,22.642,38.99596,-76.35967
CB3.3C,2023-11-16,15.887,38.99596,-76.35967
CB3.3C,2023-12-13,12.549,38.99596,-76.35967
CB3.3C,2024-01-24,4.913,38.99596,-76.35967
CB3.3C,2024-02-26,4.165,38.99596,-76.35967
CB3.3C,2024-03-18,10.466,38.99596,-76.35967
CB3.3C,2024-04-16,28.195,38.99596,-76.35967
CB3.3C,2024-05-14,14.952,38.99596,-76.35967
CB3.3C,2024-06-04,18.583,38.99596,-76.35967
CB3.3C,2024-06-26,36.098,38.99596,-76.35967
CB3.3C,2024-07-16,17.729,38.99596,-76.35967
CB3.3C,2024-08-13,20.506,38.99596,-76.35967
CB3.3C,2024-08-27,11.321,38.99596,-76.35967
CB3.3C,2024-09-26,7.298,38.99596,-76.35967
CB3.3C,2024-10-23,21.787,38.99596,-76.35967
CB3.3C,2024-11-14,6.542,38.99596,-76.35967
CB3.3C,2024-12-03,8.239,38.99596,-76.35967
CB3.3E,2020-05-26,170.88,39.00412,-76.34517
CB3.3E,2020-06-12,19.224,39.00412,-76.34517
CB3.3E,2020-06-25,10.039,39.00412,-76.34517
CB3.3E,2020-07-07,14.525,39.00412,-76.34517
CB3.3E,2020-08-10,18.37,39.00412,-76.34517
CB3.3E,2020-08-25,26.7,39.00412,-76.34517
CB3.3E,2020-09-23,22.25,39.00412,-76.34517
CB3.3E,2020-10-27,6.713,39.00412,-76.34517
CB3.3E,2021-04-06,21.574,39.00412,-76.34517
CB3.3E,2021-05-11,29.477,39.00412,-76.34517
CB3.3E,2021-06-02,17.088,39.00412,-76.34517
CB3.3E,2021-06-23,14.952,39.00412,-76.34517
CB3.3E,2021-07-07,24.137,39.00412,-76.34517
CB3.3E,2021-08-03,15.166,39.00412,-76.34517
CB3.3E,2021-08-24,29.904,39.00412,-76.34517
CB3.3E,2021-09-14,68.352,39.00412,-76.34517
CB3.3E,2021-10-05,30.331,39.00412,-76.34517
CB3.3E,2022-03-15,19.01,39.00412,-76.34517
CB3.3E,2022-04-12,10.985,39.00412,-76.34517
CB3.3E,2022-05-17,45.07,39.00412,-76.34517
CB3.3E,2022-06-07,10.894,39.00412,-76.34517
CB3.3E,2022-06-29,20.719,39.00412,-76.34517
CB3.3E,2022-07-13,27.768,39.00412,-76.34517
CB3.3E,2022-08-09,15.593,39.00412,-76.34517
CB3.3E,2022-08-23,7.476,39.00412,-76.34517
CB3.3E,2022-09-14,7.903,39.00412,-76.34517
CB3.3E,2022-10-06,5.02,39.00412,-76.34517
CB3.3E,2023-03-16,10.039,39.00412,-76.34517
CB3.3E,2023-04-11,4.058,39.00412,-76.34517
CB3.3E,2023-05-09,8.544,39.00412,-76.34517
CB3.3E,2023-06-06,15.379,39.00412,-76.34517
CB3.3E,2023-06-27,14.151,39.00412,-76.34517
CB3.3E,2023-07-11,17.302,39.00412,-76.34517
CB3.3E,2023-08-08,19.224,39.00412,-76.34517
CB3.3E,2023-08-29,27.982,39.00412,-76.34517
CB3.3E,2023-09-12,8.544,39.00412,-76.34517
CB3.3E,2023-10-05,21.787,39.00412,-76.34517
CB3.3E,2024-03-19,17.942,39.00412,-76.34517
CB3.3E,2024-04-16,16.287,39.00412,-76.34517
CB3.3E,2024-05-14,11.321,39.00412,-76.34517
CB3.3E,2024-06-04,14.311,39.00412,-76.34517
CB3.3E,2024-06-26,16.02,39.00412,-76.34517
CB3.3E,2024-07-16,16.234,39.00412,-76.34517
CB3.3E,2024-08-13,16.874,39.00412,-76.34517
CB3.3E,2024-08-27,9.826,39.00412,-76.34517
CB3.3E,2024-09-26,9.398,39.00412,-76.34517
CB3.3E,2024-10-23,14.098,39.00412,-76.34517
CB3.3W,2020-05-26,30.758,39.00462,-76.3881
CB3.3W,2020-06-12,92.916,39.00462,-76.3881
CB3.3W,2020-06-26,12.175,39.00462,-76.3881
CB3.3W,2020-07-07,21.004,39.00462,-76.3881
CB3.3W,2020-08-10,65.86,39.00462,-76.3881
CB3.3W,2020-08-25,18.868,39.00462,-76.3881
CB3.3W,2020-09-23,13.457,39.00462,-76.3881
CB3.3W,2020-10-27,9.002,39.00462,-76.3881
CB3.3W,2021-04-06,25.632,39.00462,-76.3881
CB3.3W,2021-05-11,22.642,39.00462,-76.3881
CB3.3W,2021-06-02,38.021,39.00462,-76.3881
CB3.3W,2021-06-24,24.564,39.00462,-76.3881
CB3.3W,2021-07-07,50.196,39.00462,-76.3881
CB3.3W,2021-08-03,44.144,39.00462,-76.3881
CB3.3W,2021-08-24,42.364,39.00462,-76.3881
CB3.3W,2021-09-14,49.342,39.00462,-76.3881
CB3.3W,2021-10-05,29.904,39.00462,-76.3881
CB3.3W,2022-03-15,21.093,39.00462,-76.3881
CB3.3W,2022-04-12,20.292,39.00462,-76.3881
CB3.3W,2022-05-17,19.224,39.00462,-76.3881
CB3.3W,2022-06-07,16.02,39.00462,-76.3881
CB3.3W,2022-06-29,24.991,39.00462,-76.3881
CB3.3W,2022-07-13,30.331,39.00462,-76.3881
CB3.3W,2022-08-09,20.648,39.00462,-76.3881
CB3.3W,2022-08-23,26.344,39.00462,-76.3881
CB3.3W,2022-09-14,10.68,39.00462,-76.3881
CB3.3W,2022-10-06,3.605,39.00462,-76.3881
CB3.3W,2023-03-16,9.459,39.00462,-76.3881
CB3.3W,2023-04-11,5.34,39.00462,-76.3881
CB3.3W,2023-05-09,40.584,39.00462,-76.3881
CB3.3W,2023-06-06,11.107,39.00462,-76.3881
CB3.3W,2023-06-28,10.466,39.00462,-76.3881
CB3.3W,2023-07-11,22.642,39.00462,-76.3881
CB3.3W,2023-08-08,14.952,39.00462,-76.3881
CB3.3W,2023-08-29,35.03,39.00462,-76.3881
CB3.3W,2023-09-12,27.768,39.00462,-76.3881
CB3.3W,2023-10-05,17.088,39.00462,-76.3881
CB3.3W,2024-03-18,13.243,39.00462,-76.3881
CB3.3W,2024-04-16,14.098,39.00462,-76.3881
CB3.3W,2024-05-14,16.234,39.00462,-76.3881
CB3.3W,2024-06-04,14.098,39.00462,-76.3881
CB3.3W,2024-06-26,11.481,39.00462,-76.3881
CB3.3W,2024-07-16,34.176,39.00462,-76.3881
CB3.3W,2024-08-13,25.276,39.00462,-76.3881
CB3.3W,2024-08-27,43.788,39.00462,-76.3881
CB3.3W,2024-09-26,7.69,39.00462,-76.3881
CB3.3W,2024-10-23,16.661,39.00462,-76.3881
CB4.1C,2020-05-27,87.932,38.82593,-76.39945
CB4.1C,2020-06-12,22.214,38.82593,-76.39945
CB4.1C,2020-06-25,13.731,38.82593,-76.39945
CB4.1C,2020-07-07,16.234,38.82593,-76.39945
CB4.1C,2020-08-10,13.457,38.82593,-76.39945
CB4.1C,2020-08-25,15.379,38.82593,-76.39945
CB4.1C,2020-09-23,11.29,38.82593,-76.39945
CB4.1C,2020-11-10,5.554,38.82593,-76.39945
CB4.1C,2020-12-22,11.962,38.82593,-76.39945
CB4.1C,2021-01-12,4.882,38.82593,-76.39945
CB4.1C,2021-02-09,8.33,38.82593,-76.39945
CB4.1C,2021-03-18,1.543,38.82593,-76.39945
CB4.1C,2021-04-06,16.783,38.82593,-76.39945
CB4.1C,2021-05-11,7.476,38.82593,-76.39945
CB4.1C,2021-06-02,22.214,38.82593,-76.39945
CB4.1C,2021-06-23,10.894,38.82593,-76.39945
CB4.1C,2021-07-07,13.03,38.82593,-76.39945
CB4.1C,2021-08-03,6.561,38.82593,-76.39945
CB4.1C,2021-08-24,11.534,38.82593,-76.39945
CB4.1C,2021-09-14,14.24,38.82593,-76.39945
CB4.1C,2021-10-05,7.595,38.82593,-76.39945
CB4.1C,2021-11-17,17.444,38.82593,-76.39945
CB4.1C,2021-12-08,12.935,38.82593,-76.39945
CB4.1C,2022-01-26,17.942,38.82593,-76.39945
CB4.1C,2022-02-08,17.515,38.82593,-76.39945
CB4.1C,2022-03-15,20.292,38.82593,-76.39945
CB4.1C,2022-04-12,29.904,38.82593,-76.39945
CB4.1C,2022-05-17,37.38,38.82593,-76.39945
CB4.1C,2022-06-07,17.515,38.82593,-76.39945
CB4.1C,2022-06-29,17.088,38.82593,-76.39945
CB4.1C,2022-07-13,10.68,38.82593,-76.39945
CB4.1C,2022-08-09,10.894,38.82593,-76.39945
CB4.1C,2022-08-23,7.877,38.82593,-76.39945
CB4.1C,2022-09-13,16.173,38.82593,-76.39945
CB4.1C,2022-10-06,3.524,38.82593,-76.39945
CB4.1C,2022-11-15,3.952,38.82593,-76.39945
CB4.1C,2022-12-06,6.515,38.82593,-76.39945
CB4.1C,2023-01-10,15.806,38.82593,-76.39945
CB4.1C,2023-02-15,9.185,38.82593,-76.39945
CB4.1C,2023-03-16,9.002,38.82593,-76.39945
CB4.1C,2023-04-11,8.971,38.82593,-76.39945
CB4.1C,2023-05-09,9.292,38.82593,-76.39945
CB4.1C,2023-06-06,11.138,38.82593,-76.39945
CB4.1C,2023-06-27,17.698,38.82593,-76.39945
CB4.1C,2023-07-11,18.37,38.82593,-76.39945
CB4.1C,2023-08-08,9.612,38.82593,-76.39945
CB4.1C,2023-08-29,8.01,38.82593,-76.39945
CB4.1C,2023-09-12,14.189,38.82593,-76.39945
CB4.1C,2023-10-05,6.515,38.82593,-76.39945
CB4.1C,2023-11-16,13.564,38.82593,-76.39945
CB4.1C,2023-12-13,17.088,38.82593,-76.39945
CB4.1C,2024-01-24,20.719,38.82593,-76.39945
CB4.1C,2024-03-18,19.651,38.82593,-76.39945
CB4.1C,2024-04-16,20.078,38.82593,-76.39945
CB4.1C,2024-05-14,11.748,38.82593,-76.39945
CB4.1C,2024-06-04,10.253,38.82593,-76.39945
CB4.1C,2024-06-26,16.874,38.82593,-76.39945
CB4.1C,2024-07-16,12.358,38.82593,-76.39945
CB4.1C,2024-08-13,12.175,38.82593,-76.39945
CB4.1C,2024-08-27,35.03,38.82593,-76.39945
CB4.1C,2024-09-23,18.37,38.82593,-76.39945
CB4.1C,2024-10-23,12.602,38.82593,-76.39945
CB4.1C,2024-11-14,9.879,38.82593,-76.39945
CB4.1C,2024-12-03,5.187,38.82593,-76.39945
CB4.1E,2020-05-27,78.32,38.81809,-76.37144
CB4.1E,2020-06-12,18.156,38.81809,-76.37144
CB4.1E,2020-06-25,16.287,38.81809,-76.37144
CB4.1E,2020-07-07,26.273,38.81809,-76.37144
CB4.1E,2020-08-10,18.37,38.81809,-76.37144
CB4.1E,2020-08-25,24.35,38.81809,-76.37144
CB4.1E,2020-09-23,18.156,38.81809,-76.37144
CB4.1E,2021-04-06,12.969,38.81809,-76.37144
CB4.1E,2021-05-11,6.408,38.81809,-76.37144
CB4.1E,2021-06-02,20.719,38.81809,-76.37144
CB4.1E,2021-06-23,18.583,38.81809,-76.37144
CB4.1E,2021-07-07,13.67,38.81809,-76.37144
CB4.1E,2021-08-03,8.391,38.81809,-76.37144
CB4.1E,2021-08-24,11.534,38.81809,-76.37144
CB4.1E,2021-09-14,21.146,38.81809,-76.37144
CB4.1E,2021-10-05,4.509,38.81809,-76.37144
CB4.1E,2022-03-15,13.884,38.81809,-76.37144
CB4.1E,2022-04-12,23.649,38.81809,-76.37144
CB4.1E,2022-05-17,21.787,38.81809,-76.37144
CB4.1E,2022-06-07,10.894,38.81809,-76.37144
CB4.1E,2022-06-29,11.748,38.81809,-76.37144
CB4.1E,2022-07-13,7.903,38.81809,-76.37144
CB4.1E,2022-08-09,13.03,38.81809,-76.37144
CB4.1E,2022-08-23,6.809,38.81809,-76.37144
CB4.1E,2022-09-13,12.663,38.81809,-76.37144
CB4.1E,2023-03-16,11.748,38.81809,-76.37144
CB4.1E,2023-04-11,7.369,38.81809,-76.37144
CB4.1E,2023-05-09,6.301,38.81809,-76.37144
CB4.1E,2023-06-06,8.277,38.81809,-76.37144
CB4.1E,2023-06-27,15.379,38.81809,-76.37144
CB4.1E,2023-07-11,40.889,38.81809,-76.37144
CB4.1E,2023-08-08,9.185,38.81809,-76.37144
CB4.1E,2023-08-29,11.321,38.81809,-76.37144
CB4.1E,2023-09-12,5.34,38.81809,-76.37144
CB4.1E,2023-10-05,20.933,38.81809,-76.37144
CB4.1E,2024-03-18,16.02,38.81809,-76.37144
CB4.1E,2024-04-16,22.214,38.81809,-76.37144
CB4.1E,2024-05-14,9.398,38.81809,-76.37144
CB4.1E,2024-06-04,11.748,38.81809,-76.37144
CB4.1E,2024-06-26,13.457,38.81809,-76.37144
CB4.1E,2024-07-16,11.29,38.81809,-76.37144
CB4.1E,2024-08-13,19.224,38.81809,-76.37144
CB4.1E,2024-08-27,23.282,38.81809,-76.37144
CB4.1E,2024-09-23,17.729,38.81809,-76.37144
CB4.1E,2024-10-23,13.03,38.81809,-76.37144
CB4.1W,2020-05-27,74.048,38.81498,-76.46272
CB4.1W,2020-06-12,51.691,38.81498,-76.46272
CB4.1W,2020-06-25,24.869,38.81498,-76.46272
CB4.1W,2020-07-07,19.438,38.81498,-76.46272
CB4.1W,2020-08-10,24.208,38.81498,-76.46272
CB4.1W,2020-08-25,47.348,38.81498,-76.46272
CB4.1W,2020-09-23,10.466,38.81498,-76.46272
CB4.1W,2020-10-27,7.476,38.81498,-76.46272
CB4.1W,2021-04-06,12.175,38.81498,-76.46272
CB4.1W,2021-05-11,24.564,38.81498,-76.46272
CB4.1W,2021-06-02,21.787,38.81498,-76.46272
CB4.1W,2021-06-23,20.826,38.81498,-76.46272
CB4.1W,2021-07-07,32.04,38.81498,-76.46272
CB4.1W,2021-08-03,14.525,38.81498,-76.46272
CB4.1W,2021-08-24,22.784,38.81498,-76.46272
CB4.1W,2021-09-14,15.166,38.81498,-76.46272
CB4.1W,2021-10-05,44.856,38.81498,-76.46272
CB4.1W,2022-03-15,21.146,38.81498,-76.46272
CB4.1W,2022-04-12,17.393,38.81498,-76.46272
CB4.1W,2022-05-17,26.486,38.81498,-76.46272
CB4.1W,2022-06-07,16.02,38.81498,-76.46272
CB4.1W,2022-06-29,26.486,38.81498,-76.46272
CB4.1W,2022-07-13,30.972,38.81498,-76.46272
CB4.1W,2022-08-09,26.914,38.81498,-76.46272
CB4.1W,2022-08-23,40.37,38.81498,-76.46272
CB4.1W,2022-09-13,20.292,38.81498,-76.46272
CB4.1W,2023-03-16,4.73,38.81498,-76.46272
CB4.1W,2023-04-11,7.369,38.81498,-76.46272
CB4.1W,2023-05-09,8.971,38.81498,-76.46272
CB4.1W,2023-06-06,10.985,38.81498,-76.46272
CB4.1W,2023-06-27,7.903,38.81498,-76.46272
CB4.1W,2023-07-11,17.942,38.81498,-76.46272
CB4.1W,2023-08-08,15.806,38.81498,-76.46272
CB4.1W,2023-08-29,20.078,38.81498,-76.46272
CB4.1W,2023-09-12,8.391,38.81498,-76.46272
CB4.1W,2023-10-05,14.098,38.81498,-76.46272
CB4.1W,2024-03-18,13.03,38.81498,-76.46272
CB4.1W,2024-04-16,15.166,38.81498,-76.46272
CB4.1W,2024-05-14,23.282,38.81498,-76.46272
CB4.1W,2024-06-04,13.457,38.81498,-76.46272
CB4.1W,2024-06-26,24.778,38.81498,-76.46272
CB4.1W,2024-07-16,20.506,38.81498,-76.46272
CB4.1W,2024-08-13,25.418,38.81498,-76.46272
CB4.1W,2024-08-27,79.032,38.81498,-76.46272
CB4.1W,2024-09-23,19.438,38.81498,-76.46272
CB4.1W,2024-10-23,16.447,38.81498,-76.46272
CB4.2C,2020-05-27,40.317,38.64618,-76.42127
CB4.2C,2020-06-12,12.389,38.64618,-76.42127
CB4.2C,2020-06-25,14.952,38.64618,-76.42127
CB4.2C,2020-07-07,13.67,38.64618,-76.42127
CB4.2C,2020-08-10,10.253,38.64618,-76.42127
CB4.2C,2020-08-25,8.239,38.64618,-76.42127
CB4.2C,2020-09-23,10.833,38.64618,-76.42127
CB4.2C,2020-11-10,7.476,38.64618,-76.42127
CB4.2C,2020-12-21,8.086,38.64618,-76.42127
CB4.2C,2021-01-12,3.509,38.64618,-76.42127
CB4.2C,2021-02-09,2.937,38.64618,-76.42127
CB4.2C,2021-03-18,2.003,38.64618,-76.42127
CB4.2C,2021-04-06,12.358,38.64618,-76.42127
CB4.2C,2021-05-11,7.018,38.64618,-76.42127
CB4.2C,2021-06-02,25.632,38.64618,-76.42127
CB4.2C,2021-06-23,18.583,38.64618,-76.42127
CB4.2C,2021-07-07,9.826,38.64618,-76.42127
CB4.2C,2021-08-03,11.595,38.64618,-76.42127
CB4.2C,2021-08-24,10.039,38.64618,-76.42127
CB4.2C,2021-09-14,16.02,38.64618,-76.42127
CB4.2C,2021-10-05,5.34,38.64618,-76.42127
CB4.2C,2021-11-17,10.36,38.64618,-76.42127
CB4.2C,2021-12-08,11.511,38.64618,-76.42127
CB4.2C,2022-01-26,15.593,38.64618,-76.42127
CB4.2C,2022-02-08,10.68,38.64618,-76.42127
CB4.2C,2022-03-15,8.697,38.64618,-76.42127
CB4.2C,2022-04-12,18.309,38.64618,-76.42127
CB4.2C,2022-05-17,8.544,38.64618,-76.42127
CB4.2C,2022-06-07,14.098,38.64618,-76.42127
CB4.2C,2022-06-29,9.459,38.64618,-76.42127
CB4.2C,2022-07-13,11.107,38.64618,-76.42127
CB4.2C,2022-08-09,10.894,38.64618,-76.42127
CB4.2C,2022-08-23,5.474,38.64618,-76.42127
CB4.2C,2022-09-13,6.141,38.64618,-76.42127
CB4.2C,2022-10-06,5.874,38.64618,-76.42127
CB4.2C,2022-11-15,7.476,38.64618,-76.42127
CB4.2C,2022-12-06,9.398,38.64618,-76.42127
CB4.2C,2023-01-10,27.341,38.64618,-76.42127
CB4.2C,2023-02-15,7.476,38.64618,-76.42127
CB4.2C,2023-03-16,4.577,38.64618,-76.42127
CB4.2C,2023-04-11,8.437,38.64618,-76.42127
CB4.2C,2023-05-09,4.806,38.64618,-76.42127
CB4.2C,2023-06-06,10.146,38.64618,-76.42127
CB4.2C,2023-06-27,9.826,38.64618,-76.42127
CB4.2C,2023-07-11,12.389,38.64618,-76.42127
CB4.2C,2023-08-08,6.622,38.64618,-76.42127
CB4.2C,2023-08-29,6.408,38.64618,-76.42127
CB4.2C,2023-09-12,10.894,38.64618,-76.42127
CB4.2C,2023-10-05,11.534,38.64618,-76.42127
CB4.2C,2023-11-16,14.418,38.64618,-76.42127
CB4.2C,2023-12-13,13.67,38.64618,-76.42127
CB4.2C,2024-01-24,12.053,38.64618,-76.42127
CB4.2C,2024-03-18,14.525,38.64618,-76.42127
CB4.2C,2024-04-16,12.175,38.64618,-76.42127
CB4.2C,2024-05-14,8.971,38.64618,-76.42127
CB4.2C,2024-06-04,16.02,38.64618,-76.42127
CB4.2C,2024-06-26,12.175,38.64618,-76.42127
CB4.2C,2024-07-16,10.68,38.64618,-76.42127
CB4.2C,2024-08-13,12.175,38.64618,-76.42127
CB4.2C,2024-08-27,12.175,38.64618,-76.42127
CB4.2C,2024-09-23,15.806,38.64618,-76.42127
CB4.2C,2024-10-23,9.612,38.64618,-76.42127
CB4.2C,2024-11-14,10.235,38.64618,-76.42127
CB4.2C,2024-12-03,4.425,38.64618,-76.42127
CB4.2E,2020-05-27,21.36,38.64498,-76.40131
CB4.2E,2020-06-12,11.962,38.64498,-76.40131
CB4.2E,2020-06-25,11.595,38.64498,-76.40131
CB4.2E,2020-07-07,8.544,38.64498,-76.40131
CB4.2E,2020-08-10,9.398,38.64498,-76.40131
CB4.2E,2020-08-25,6.713,38.64498,-76.40131
CB4.2E,2020-09-23,8.697,38.64498,-76.40131
CB4.2E,2021-04-06,9.612,38.64498,-76.40131
CB4.2E,2021-05-11,6.713,38.64498,-76.40131
CB4.2E,2021-06-02,17.729,38.64498,-76.40131
CB4.2E,2021-06-23,15.593,38.64498,-76.40131
CB4.2E,2021-07-07,7.69,38.64498,-76.40131
CB4.2E,2021-08-03,14.037,38.64498,-76.40131
CB4.2E,2021-08-24,9.185,38.64498,-76.40131
CB4.2E,2021-09-14,13.457,38.64498,-76.40131
CB4.2E,2021-10-05,3.916,38.64498,-76.40131
CB4.2E,2022-03-15,7.903,38.64498,-76.40131
CB4.2E,2022-04-12,17.851,38.64498,-76.40131
CB4.2E,2022-05-17,9.826,38.64498,-76.40131
CB4.2E,2022-06-07,14.098,38.64498,-76.40131
CB4.2E,2022-06-29,9.154,38.64498,-76.40131
CB4.2E,2022-07-13,10.894,38.64498,-76.40131
CB4.2E,2022-08-09,7.903,38.64498,-76.40131
CB4.2E,2022-08-23,6.275,38.64498,-76.40131
CB4.2E,2022-09-13,7.476,38.64498,-76.40131
CB4.2E,2023-03-16,3.967,38.64498,-76.40131
CB4.2E,2023-04-11,7.796,38.64498,-76.40131
CB4.2E,2023-05-09,7.583,38.64498,-76.40131
CB4.2E,2023-06-06,9.746,38.64498,-76.40131
CB4.2E,2023-06-27,11.962,38.64498,-76.40131
CB4.2E,2023-07-11,12.602,38.64498,-76.40131
CB4.2E,2023-08-08,6.194,38.64498,-76.40131
CB4.2E,2023-08-29,6.194,38.64498,-76.40131
CB4.2E,2023-09-12,9.478,38.64498,-76.40131
CB4.2E,2023-10-05,12.068,38.64498,-76.40131
CB4.2E,2024-03-18,15.806,38.64498,-76.40131
CB4.2E,2024-04-16,14.799,38.64498,-76.40131
CB4.2E,2024-05-14,10.466,38.64498,-76.40131
CB4.2E,2024-06-04,15.379,38.64498,-76.40131
CB4.2E,2024-06-26,10.253,38.64498,-76.40131
CB4.2E,2024-07-16,10.985,38.64498,-76.40131
CB4.2E,2024-08-13,8.971,38.64498,-76.40131
CB4.2E,2024-08-27,10.039,38.64498,-76.40131
CB4.2E,2024-09-23,14.738,38.64498,-76.40131
CB4.2E,2024-10-23,11.321,38.64498,-76.40131
CB4.2W,2020-05-27,72.268,38.64354,-76.50217
CB4.2W,2020-06-12,11.748,38.64354,-76.50217
CB4.2W,2020-06-25,23.069,38.64354,-76.50217
CB4.2W,2020-07-07,20.933,38.64354,-76.50217
CB4.2W,2020-08-10,48.861,38.64354,-76.50217
CB4.2W,2020-08-25,19.071,38.64354,-76.50217
CB4.2W,2020-09-23,8.758,38.64354,-76.50217
CB4.2W,2021-04-06,9.917,38.64354,-76.50217
CB4.2W,2021-05-11,5.493,38.64354,-76.50217
CB4.2W,2021-06-02,19.758,38.64354,-76.50217
CB4.2W,2021-06-23,16.732,38.64354,-76.50217
CB4.2W,2021-07-07,23.923,38.64354,-76.50217
CB4.2W,2021-08-03,16.02,38.64354,-76.50217
CB4.2W,2021-08-24,39.516,38.64354,-76.50217
CB4.2W,2021-09-14,21.787,38.64354,-76.50217
CB4.2W,2021-10-05,6.835,38.64354,-76.50217
CB4.2W,2022-03-15,29.263,38.64354,-76.50217
CB4.2W,2022-04-12,16.478,38.64354,-76.50217
CB4.2W,2022-05-17,13.243,38.64354,-76.50217
CB4.2W,2022-06-07,15.593,38.64354,-76.50217
CB4.2W,2022-06-29,18.156,38.64354,-76.50217
CB4.2W,2022-07-13,10.466,38.64354,-76.50217
CB4.2W,2022-08-09,9.185,38.64354,-76.50217
CB4.2W,2022-08-23,41.866,38.64354,-76.50217
CB4.2W,2022-09-13,11.348,38.64354,-76.50217
CB4.2W,2023-03-16,8.697,38.64354,-76.50217
CB4.2W,2023-04-11,9.505,38.64354,-76.50217
CB4.2W,2023-05-09,6.883,38.64354,-76.50217
CB4.2W,2023-06-06,10.68,38.64354,-76.50217
CB4.2W,2023-06-27,10.502,38.64354,-76.50217
CB4.2W,2023-07-11,8.811,38.64354,-76.50217
CB4.2W,2023-08-08,9.185,38.64354,-76.50217
CB4.2W,2023-08-29,15.593,38.64354,-76.50217
CB4.2W,2023-09-12,20.025,38.64354,-76.50217
CB4.2W,2023-10-05,15.913,38.64354,-76.50217
CB4.2W,2024-03-18,10.466,38.64354,-76.50217
CB4.2W,2024-04-16,8.069,38.64354,-76.50217
CB4.2W,2024-05-14,24.991,38.64354,-76.50217
CB4.2W,2024-06-04,13.457,38.64354,-76.50217
CB4.2W,2024-06-26,9.398,38.64354,-76.50217
CB4.2W,2024-07-16,24.35,38.64354,-76.50217
CB4.2W,2024-08-13,18.37,38.64354,-76.50217
CB4.2W,2024-08-27,28.409,38.64354,-76.50217
CB4.2W,2024-09-23,17.942,38.64354,-76.50217
CB4.2W,2024-10-23,10.68,38.64354,-76.50217
CB4.3C,2020-05-27,30.171,38.55505,-76.42794
CB4.3C,2020-06-12,10.222,38.55505,-76.42794
CB4.3C,2020-06-25,15.105,38.55505,-76.42794
CB4.3C,2020-07-07,13.243,38.55505,-76.42794
CB4.3C,2020-08-10,8.971,38.55505,-76.42794
CB4.3C,2020-08-25,7.781,38.55505,-76.42794
CB4.3C,2020-09-23,11.641,38.55505,-76.42794
CB4.3C,2020-11-10,5.554,38.55505,-76.42794
CB4.3C,2020-12-21,3.967,38.55505,-76.42794
CB4.3C,2021-01-12,7.018,38.55505,-76.42794
CB4.3C,2021-02-09,7.018,38.55505,-76.42794
CB4.3C,2021-03-18,1.068,38.55505,-76.42794
CB4.3C,2021-04-06,11.29,38.55505,-76.42794
CB4.3C,2021-05-11,9.493,38.55505,-76.42794
CB4.3C,2021-06-02,17.393,38.55505,-76.42794
CB4.3C,2021-06-23,19.438,38.55505,-76.42794
CB4.3C,2021-07-07,10.039,38.55505,-76.42794
CB4.3C,2021-08-03,11.138,38.55505,-76.42794
CB4.3C,2021-08-24,8.758,38.55505,-76.42794
CB4.3C,2021-09-14,9.185,38.55505,-76.42794
CB4.3C,2021-10-05,11.511,38.55505,-76.42794
CB4.3C,2021-11-17,10.146,38.55505,-76.42794
CB4.3C,2021-12-08,8.864,38.55505,-76.42794
CB4.3C,2022-01-26,14.738,38.55505,-76.42794
CB4.3C,2022-02-08,9.765,38.55505,-76.42794
CB4.3C,2022-03-15,9.612,38.55505,-76.42794
CB4.3C,2022-04-12,13.217,38.55505,-76.42794
CB4.3C,2022-05-17,6.103,38.55505,-76.42794
CB4.3C,2022-06-07,14.799,38.55505,-76.42794
CB4.3C,2022-06-29,11.138,38.55505,-76.42794
CB4.3C,2022-07-13,17.088,38.55505,-76.42794
CB4.3C,2022-08-09,8.758,38.55505,-76.42794
CB4.3C,2022-08-23,6.008,38.55505,-76.42794
CB4.3C,2022-09-13,5.874,38.55505,-76.42794
CB4.3C,2022-10-06,7.69,38.55505,-76.42794
CB4.3C,2022-11-15,4.592,38.55505,-76.42794
CB4.3C,2022-12-06,8.01,38.55505,-76.42794
CB4.3C,2023-01-10,16.874,38.55505,-76.42794
CB4.3C,2023-02-15,7.69,38.55505,-76.42794
CB4.3C,2023-03-16,6.194,38.55505,-76.42794
CB4.3C,2023-04-11,9.505,38.55505,-76.42794
CB4.3C,2023-05-09,5.645,38.55505,-76.42794
CB4.3C,2023-06-06,11.748,38.55505,-76.42794
CB4.3C,2023-06-27,11.29,38.55505,-76.42794
CB4.3C,2023-07-11,8.277,38.55505,-76.42794
CB4.3C,2023-08-08,9.612,38.55505,-76.42794
CB4.3C,2023-08-29,7.69,38.55505,-76.42794
CB4.3C,2023-09-12,12.149,38.55505,-76.42794
CB4.3C,2023-10-05,12.175,38.55505,-76.42794
CB4.3C,2023-11-16,10.146,38.55505,-76.42794
CB4.3C,2023-12-13,13.35,38.55505,-76.42794
CB4.3C,2024-01-24,11.29,38.55505,-76.42794
CB4.3C,2024-03-18,15.166,38.55505,-76.42794
CB4.3C,2024-04-16,12.511,38.55505,-76.42794
CB4.3C,2024-05-14,12.389,38.55505,-76.42794
CB4.3C,2024-06-04,9.826,38.55505,-76.42794
CB4.3C,2024-06-26,9.398,38.55505,-76.42794
CB4.3C,2024-07-16,11.595,38.55505,-76.42794
CB4.3C,2024-08-13,12.175,38.55505,-76.42794
CB4.3C,2024-08-27,13.457,38.55505,-76.42794
CB4.3C,2024-09-23,14.952,38.55505,-76.42794
CB4.3C,2024-10-23,7.262,38.55505,-76.42794
CB4.3C,2024-11-14,11.392,38.55505,-76.42794
CB4.3C,2024-12-03,4.73,38.55505,-76.42794
CB4.3E,2020-05-27,17.088,38.55624,-76.39121
CB4.3E,2020-06-12,8.391,38.55624,-76.39121
CB4.3E,2020-06-25,14.494,38.55624,-76.39121
CB4.3E,2020-07-07,8.33,38.55624,-76.39121
CB4.3E,2020-08-10,9.917,38.55624,-76.39121
CB4.3E,2020-08-25,6.713,38.55624,-76.39121
CB4.3E,2020-09-23,10.68,38.55624,-76.39121
CB4.3E,2021-04-06,13.274,38.55624,-76.39121
CB4.3E,2021-05-11,3.097,38.55624,-76.39121
CB4.3E,2021-06-02,13.274,38.55624,-76.39121
CB4.3E,2021-06-23,16.783,38.55624,-76.39121
CB4.3E,2021-07-07,8.117,38.55624,-76.39121
CB4.3E,2021-08-03,7.171,38.55624,-76.39121
CB4.3E,2021-08-24,17.942,38.55624,-76.39121
CB4.3E,2021-09-14,8.971,38.55624,-76.39121
CB4.3E,2021-10-05,8.307,38.55624,-76.39121
CB4.3E,2022-03-15,9.826,38.55624,-76.39121
CB4.3E,2022-04-12,13.083,38.55624,-76.39121
CB4.3E,2022-05-17,7.934,38.55624,-76.39121
CB4.3E,2022-06-07,13.731,38.55624,-76.39121
CB4.3E,2022-06-29,6.866,38.55624,-76.39121
CB4.3E,2022-07-13,9.612,38.55624,-76.39121
CB4.3E,2022-08-09,7.69,38.55624,-76.39121
CB4.3E,2022-08-23,5.207,38.55624,-76.39121
CB4.3E,2022-09-13,6.866,38.55624,-76.39121
CB4.3E,2023-03-16,6.835,38.55624,-76.39121
CB4.3E,2023-04-11,7.903,38.55624,-76.39121
CB4.3E,2023-05-09,5.798,38.55624,-76.39121
CB4.3E,2023-06-06,11.29,38.55624,-76.39121
CB4.3E,2023-06-27,9.826,38.55624,-76.39121
CB4.3E,2023-07-11,8.758,38.55624,-76.39121
CB4.3E,2023-08-08,8.544,38.55624,-76.39121
CB4.3E,2023-08-29,5.981,38.55624,-76.39121
CB4.3E,2023-09-12,6.408,38.55624,-76.39121
CB4.3E,2023-10-05,11.348,38.55624,-76.39121
CB4.3E,2024-03-18,19.865,38.55624,-76.39121
CB4.3E,2024-04-16,11.29,38.55624,-76.39121
CB4.3E,2024-05-14,13.457,38.55624,-76.39121
CB4.3E,2024-06-04,8.758,38.55624,-76.39121
CB4.3E,2024-06-26,8.33,38.55624,-76.39121
CB4.3E,2024-07-16,9.765,38.55624,-76.39121
CB4.3E,2024-08-13,12.602,38.55624,-76.39121
CB4.3E,2024-08-27,11.321,38.55624,-76.39121
CB4.3E,2024-09-23,12.816,38.55624,-76.39121
CB4.3E,2024-10-23,7.262,38.55624,-76.39121
CB4.3W,2020-05-27,16.661,38.55728,-76.49402
CB4.3W,2020-06-12,12.206,38.55728,-76.49402
CB4.3W,2020-06-25,29.751,38.55728,-76.49402
CB4.3W,2020-07-07,21.36,38.55728,-76.49402
CB4.3W,2020-08-10,27.768,38.55728,-76.49402
CB4.3W,2020-08-25,16.478,38.55728,-76.49402
CB4.3W,2020-09-23,19.224,38.55728,-76.49402
CB4.3W,2021-04-06,10.07,38.55728,-76.49402
CB4.3W,2021-05-11,8.143,38.55728,-76.49402
CB4.3W,2021-06-02,33.749,38.55728,-76.49402
CB4.3W,2021-06-23,18.797,38.55728,-76.49402
CB4.3W,2021-07-07,13.457,38.55728,-76.49402
CB4.3W,2021-08-03,20.445,38.55728,-76.49402
CB4.3W,2021-08-24,33.642,38.55728,-76.49402
CB4.3W,2021-09-14,,38.55728,-76.49402
CB4.3W,2021-10-05,11.962,38.55728,-76.49402
CB4.3W,2022-03-15,14.311,38.55728,-76.49402
CB4.3W,2022-04-12,13.35,38.55728,-76.49402
CB4.3W,2022-05-17,7.69,38.55728,-76.49402
CB4.3W,2022-06-07,15.593,38.55728,-76.49402
CB4.3W,2022-06-29,17.302,38.55728,-76.49402
CB4.3W,2022-07-13,14.525,38.55728,-76.49402
CB4.3W,2022-08-09,44.215,38.55728,-76.49402
CB4.3W,2022-08-23,63.368,38.55728,-76.49402
CB4.3W,2022-09-13,9.345,38.55728,-76.49402
CB4.3W,2023-03-16,6.408,38.55728,-76.49402
CB4.3W,2023-04-11,9.398,38.55728,-76.49402
CB4.3W,2023-05-09,6.103,38.55728,-76.49402
CB4.3W,2023-06-06,13.579,38.55728,-76.49402
CB4.3W,2023-06-27,11.443,38.55728,-76.49402
CB4.3W,2023-07-11,14.151,38.55728,-76.49402
CB4.3W,2023-08-08,10.253,38.55728,-76.49402
CB4.3W,2023-08-29,9.256,38.55728,-76.49402
CB4.3W,2023-09-12,11.348,38.55728,-76.49402
CB4.3W,2023-10-05,17.408,38.55728,-76.49402
CB4.3W,2024-03-18,13.03,38.55728,-76.49402
CB4.3W,2024-04-16,8.9,38.55728,-76.49402
CB4.3W,2024-05-14,14.311,38.55728,-76.49402
CB4.3W,2024-06-04,13.457,38.55728,-76.49402
CB4.3W,2024-06-26,8.117,38.55728,-76.49402
CB4.3W,2024-07-16,19.834,38.55728,-76.49402
CB4.3W,2024-08-13,23.069,38.55728,-76.49402
CB4.3W,2024-08-27,22.855,38.55728,-76.49402
CB4.3W,2024-09-23,36.526,38.55728,-76.49402
CB4.3W,2024-10-23,18.37,38.55728,-76.49402
CB5.1,2020-06-02,6.622,38.3187,-76.29215
CB5.1,2020-06-08,5.035,38.3187,-76.29215
CB5.1,2020-06-24,16.447,38.3187,-76.29215
CB5.1,2020-07-06,8.849,38.3187,-76.29215
CB5.1,2020-08-06,8.086,38.3187,-76.29215
CB5.1,2020-08-24,7.076,38.3187,-76.29215
CB5.1,2020-09-22,9.398,38.3187,-76.29215
CB5.1,2020-10-13,10.894,38.3187,-76.29215
CB5.1,2020-11-09,18.049,38.3187,-76.29215
CB5.1,2020-12-21,6.408,38.3187,-76.29215
CB5.1,2021-01-11,2.563,38.3187,-76.29215
CB5.1,2021-02-08,3.357,38.3187,-76.29215
CB5.1,2021-03-17,2.729,38.3187,-76.29215
CB5.1,2021-04-05,15.189,38.3187,-76.29215
CB5.1,2021-05-10,5.02,38.3187,-76.29215
CB5.1,2021-06-01,13.884,38.3187,-76.29215
CB5.1,2021-06-21,16.661,38.3187,-76.29215
CB5.1,2021-07-06,10.013,38.3187,-76.29215
CB5.1,2021-08-02,9.307,38.3187,-76.29215
CB5.1,2021-08-23,6.088,38.3187,-76.29215
CB5.1,2021-09-13,67.284,38.3187,-76.29215
CB5.1,2021-10-04,18.037,38.3187,-76.29215
CB5.1,2021-11-16,9.078,38.3187,-76.29215
CB5.1,2021-12-07,10.36,38.3187,-76.29215
CB5.1,2022-01-25,9.185,38.3187,-76.29215
CB5.1,2022-02-07,12.175,38.3187,-76.29215
CB5.1,2022-03-14,10.039,38.3187,-76.29215
CB5.1,2022-04-11,12.549,38.3187,-76.29215
CB5.1,2022-05-16,9.917,38.3187,-76.29215
CB5.1,2022-06-06,10.039,38.3187,-76.29215
CB5.1,2022-06-28,7.934,38.3187,-76.29215
CB5.1,2022-07-12,10.68,38.3187,-76.29215
CB5.1,2022-08-08,7.476,38.3187,-76.29215
CB5.1,2022-08-22,6.542,38.3187,-76.29215
CB5.1,2022-09-12,5.577,38.3187,-76.29215
CB5.1,2022-10-06,2.99,38.3187,-76.29215
CB5.1,2022-11-14,4.699,38.3187,-76.29215
CB5.1,2022-12-05,5.767,38.3187,-76.29215
CB5.1,2023-01-09,13.884,38.3187,-76.29215
CB5.1,2023-02-14,10.894,38.3187,-76.29215
CB5.1,2023-03-13,7.476,38.3187,-76.29215
CB5.1,2023-04-10,5.874,38.3187,-76.29215
CB5.1,2023-05-08,6.301,38.3187,-76.29215
CB5.1,2023-06-05,7.476,38.3187,-76.29215
CB5.1,2023-06-26,9.612,38.3187,-76.29215
CB5.1,2023-07-10,10.013,38.3187,-76.29215
CB5.1,2023-08-07,8.758,38.3187,-76.29215
CB5.1,2023-08-28,8.33,38.3187,-76.29215
CB5.1,2023-09-11,8.143,38.3187,-76.29215
CB5.1,2023-10-04,15.379,38.3187,-76.29215
CB5.1,2023-11-15,15.486,38.3187,-76.29215
CB5.1,2023-12-12,10.36,38.3187,-76.29215
CB5.1,2024-01-23,12.46,38.3187,-76.29215
CB5.1,2024-03-20,15.562,38.3187,-76.29215
CB5.1,2024-04-15,8.086,38.3187,-76.29215
CB5.1,2024-05-13,9.154,38.3187,-76.29215
CB5.1,2024-06-03,14.477,38.3187,-76.29215
CB5.1,2024-06-25,11.962,38.3187,-76.29215
CB5.1,2024-07-15,7.476,38.3187,-76.29215
CB5.1,2024-08-12,10.253,38.3187,-76.29215
CB5.1,2024-08-26,8.758,38.3187,-76.29215
CB5.1,2024-09-23,8.9,38.3187,-76.29215
CB5.1,2024-10-22,7.476,38.3187,-76.29215
CB5.1,2024-11-14,6.728,38.3187,-76.29215
CB5.1,2024-12-03,6.194,38.3187,-76.29215
CB5.2,2020-06-02,6.0875,38.13705,-76.22787
CB5.2,2020-06-08,6.484500000000001,38.13705,-76.22787
CB5.2,2020-06-24,9.932500000000001,38.13705,-76.22787
CB5.2,2020-07-06,9.536000000000001,38.13705,-76.22787
CB5.2,2020-08-06,8.086500000000001,38.13705,-76.22787
CB5.2,2020-08-24,7.8765,38.13705,-76.22787
CB5.2,2020-09-22,8.01,38.13705,-76.22787
CB5.2,2020-10-13,11.0,38.13705,-76.22787
CB5.2,2020-11-09,5.6605,38.13705,-76.22787
CB5.2,2020-12-21,8.864,38.13705,-76.22787
CB5.2,2021-01-11,4.3790000000000004,38.13705,-76.22787
CB5.2,2021-02-08,2.8225,38.13705,-76.22787
CB5.2,2021-03-17,3.9515,38.13705,-76.22787
CB5.2,2021-04-05,11.3325,38.13705,-76.22787
CB5.2,2021-05-10,1.3735,38.13705,-76.22787
CB5.2,2021-06-01,7.628500000000001,38.13705,-76.22787
CB5.2,2021-06-21,12.282,38.13705,-76.22787
CB5.2,2021-07-06,10.346499999999999,38.13705,-76.22787
CB5.2,2021-08-02,9.7645,38.13705,-76.22787
CB5.2,2021-08-23,7.209,38.13705,-76.22787
CB5.2,2021-09-13,7.743,38.13705,-76.22787
CB5.2,2021-10-04,8.781500000000001,38.13705,-76.22787
CB5.2,2021-11-16,8.3305,38.13705,-76.22787
CB5.2,2021-12-07,8.811,38.13705,-76.22787
CB5.2,2022-01-25,9.719000000000001,38.13705,-76.22787
CB5.2,2022-02-07,10.573,38.13705,-76.22787
CB5.2,2022-03-14,8.651,38.13705,-76.22787
CB5.2,2022-04-11,16.554000000000002,38.13705,-76.22787
CB5.2,2022-05-16,9.0015,38.13705,-76.22787
CB5.2,2022-06-06,8.3305,38.13705,-76.22787
CB5.2,2022-06-28,10.2985,38.13705,-76.22787
CB5.2,2022-07-12,9.185,38.13705,-76.22787
CB5.2,2022-08-08,7.7965,38.13705,-76.22787
CB5.2,2022-08-22,6.0745000000000005,38.13705,-76.22787
CB5.2,2022-09-12,6.408,38.13705,-76.22787
CB5.2,2022-10-06,3.8979999999999997,38.13705,-76.22787
CB5.2,2022-11-14,5.500500000000001,38.13705,-76.22787
CB5.2,2022-12-05,5.9275,38.13705,-76.22787
CB5.2,2023-01-09,10.9765,38.13705,-76.22787
CB5.2,2023-02-14,9.398,38.13705,-76.22787
CB5.2,2023-03-13,7.049,38.13705,-76.22787
CB5.2,2023-04-10,8.224,38.13705,-76.22787
CB5.2,2023-05-08,6.8885000000000005,38.13705,-76.22787
CB5.2,2023-06-05,7.247,38.13705,-76.22787
CB5.2,2023-06-26,8.773,38.13705,-76.22787
CB5.2,2023-07-10,11.214,38.13705,-76.22787
CB5.2,2023-08-07,8.4255,38.13705,-76.22787
CB5.2,2023-08-28,9.612,38.13705,-76.22787
CB5.2,2023-09-11,6.141,38.13705,-76.22787
CB5.2,2023-10-04,11.534500000000001,38.13705,-76.22787
CB5.2,2023-11-15,8.4905,38.13705,-76.22787
CB5.2,2023-12-12,5.447,38.13705,-76.22787
CB5.2,2024-01-23,8.6205,38.13705,-76.22787
CB5.2,2024-02-12,4.9665,38.13705,-76.22787
CB5.2,2024-03-20,16.173,38.13705,-76.22787
CB5.2,2024-04-15,15.714500000000001,38.13705,-76.22787
CB5.2,2024-05-13,4.5009999999999994,38.13705,-76.22787
CB5.2,2024-06-03,8.971,38.13705,-76.22787
CB5.2,2024-06-25,14.311,38.13705,-76.22787
CB5.2,2024-07-15,13.807500000000001,38.13705,-76.22787
CB5.2,2024-08-12,16.981,38.13705,-76.22787
CB5.2,2024-08-26,7.689500000000001,38.13705,-76.22787
CB5.2,2024-09-24,5.874,38.13705,-76.22787
CB5.2,2024-10-22,6.8655,38.13705,-76.22787
CB5.2,2024-11-14,6.141,38.13705,-76.22787
CB5.2,2024-12-03,5.111000000000001,38.13705,-76.22787
CB5.3,2020-06-02,8.117,37.91011,-76.17137
CB5.3,2020-06-08,4.425,37.91011,-76.17137
CB5.3,2020-06-24,6.835,37.91011,-76.17137
CB5.3,2020-07-06,8.239,37.91011,-76.17137
CB5.3,2020-08-24,7.342,37.91011,-76.17137
CB5.3,2020-09-22,8.33,37.91011,-76.17137
CB5.3,2020-11-09,7.049,37.91011,-76.17137
CB5.3,2020-12-21,5.02,37.91011,-76.17137
CB5.3,2021-01-11,2.136,37.91011,-76.17137
CB5.3,2021-02-08,1.983,37.91011,-76.17137
CB5.3,2021-03-17,4.592,37.91011,-76.17137
CB5.3,2021-04-05,21.146,37.91011,-76.17137
CB5.3,2021-05-10,2.289,37.91011,-76.17137
CB5.3,2021-06-01,7.781,37.91011,-76.17137
CB5.3,2021-06-21,11.534,37.91011,-76.17137
CB5.3,2021-07-06,10.28,37.91011,-76.17137
CB5.3,2021-08-02,7.476,37.91011,-76.17137
CB5.3,2021-08-23,6.728,37.91011,-76.17137
CB5.3,2021-09-13,6.408,37.91011,-76.17137
CB5.3,2021-10-04,7.12,37.91011,-76.17137
CB5.3,2021-11-16,6.301,37.91011,-76.17137
CB5.3,2021-12-07,11.321,37.91011,-76.17137
CB5.3,2022-01-25,12.175,37.91011,-76.17137
CB5.3,2022-02-07,10.68,37.91011,-76.17137
CB5.3,2022-03-14,10.413,37.91011,-76.17137
CB5.3,2022-04-11,20.078,37.91011,-76.17137
CB5.3,2022-05-16,7.171,37.91011,-76.17137
CB5.3,2022-06-06,6.835,37.91011,-76.17137
CB5.3,2022-06-28,7.323,37.91011,-76.17137
CB5.3,2022-07-12,10.466,37.91011,-76.17137
CB5.3,2022-08-08,12.602,37.91011,-76.17137
CB5.3,2022-08-22,8.277,37.91011,-76.17137
CB5.3,2022-09-12,4.747,37.91011,-76.17137
CB5.3,2022-11-14,4.272,37.91011,-76.17137
CB5.3,2022-12-05,6.728,37.91011,-76.17137
CB5.3,2023-01-09,7.018,37.91011,-76.17137
CB5.3,2023-02-14,8.117,37.91011,-76.17137
CB5.3,2023-03-13,6.622,37.91011,-76.17137
CB5.3,2023-04-10,8.01,37.91011,-76.17137
CB5.3,2023-05-08,12.175,37.91011,-76.17137
CB5.3,2023-06-05,6.835,37.91011,-76.17137
CB5.3,2023-06-26,5.798,37.91011,-76.17137
CB5.3,2023-07-10,7.877,37.91011,-76.17137
CB5.3,2023-08-07,6.408,37.91011,-76.17137
CB5.3,2023-09-11,5.447,37.91011,-76.17137
CB5.3,2023-10-04,8.33,37.91011,-76.17137
CB5.3,2023-11-15,16.554,37.91011,-76.17137
CB5.3,2023-12-12,5.874,37.91011,-76.17137
CB5.3,2024-01-23,11.595,37.91011,-76.17137
CB5.3,2024-02-12,4.272,37.91011,-76.17137
CB5.3,2024-03-20,13.426,37.91011,-76.17137
CB5.3,2024-04-15,15.593,37.91011,-76.17137
CB5.3,2024-05-13,5.645,37.91011,-76.17137
CB5.3,2024-06-03,15.486,37.91011,-76.17137
CB5.3,2024-06-25,11.534,37.91011,-76.17137
CB5.3,2024-07-15,20.902,37.91011,-76.17137
CB5.3,2024-08-12,10.253,37.91011,-76.17137
CB5.3,2024-08-26,7.934,37.91011,-76.17137
CB5.3,2024-09-24,8.9,37.91011,-76.17137
CB5.3,2024-10-22,4.425,37.91011,-76.17137
CB5.4,2020-05-27,6.8352,37.80013,-76.17466
CB5.4,2020-06-24,6.1944,37.80013,-76.17466
CB5.4,2020-07-17,12.015,37.80013,-76.17466
CB5.4,2020-08-07,10.68,37.80013,-76.17466
CB5.4,2020-08-25,8.2236,37.80013,-76.17466
CB5.4,2020-09-16,12.7092,37.80013,-76.17466
CB5.4,2020-10-13,8.9712,37.80013,-76.17466
CB5.4,2021-01-21,8.4372,37.80013,-76.17466
CB5.4,2021-03-17,8.6508,37.80013,-76.17466
CB5.4,2021-04-05,13.884,37.80013,-76.17466
CB5.4,2021-05-14,4.6992,37.80013,-76.17466
CB5.4,2021-06-25,6.408,37.80013,-76.17466
CB5.4,2021-07-06,7.78114,37.80013,-76.17466
CB5.4,2021-08-05,13.6704,37.80013,-76.17466
CB5.4,2021-08-24,8.01,37.80013,-76.17466
CB5.4,2021-09-13,6.5148,37.80013,-76.17466
CB5.4,2021-10-15,7.0488,37.80013,-76.17466
CB5.4,2021-11-09,10.4664,37.80013,-76.17466
CB5.4,2021-12-08,14.7384,37.80013,-76.17466
CB5.4,2022-01-13,9.078,37.80013,-76.17466
CB5.4,2022-02-08,7.209,37.80013,-76.17466
CB5.4,2022-03-14,10.5465,37.80013,-76.17466
CB5.4,2022-04-26,14.2845,37.80013,-76.17466
CB5.4,2022-05-17,5.4735,37.80013,-76.17466
CB5.4,2022-06-09,9.7455,37.80013,-76.17466
CB5.4,2022-06-30,6.0075,37.80013,-76.17466
CB5.4,2022-07-14,8.4105,37.80013,-76.17466
CB5.4,2022-08-09,8.1435,37.80013,-76.17466
CB5.4,2022-08-23,7.476,37.80013,-76.17466
CB5.4,2022-09-13,3.204,37.80013,-76.17466
CB5.4,2022-10-19,7.7964,37.80013,-76.17466
CB5.4,2022-12-07,7.1556,37.80013,-76.17466
CB5.4,2023-01-21,8.7576,37.80013,-76.17466
CB5.4,2023-02-22,6.7284,37.80013,-76.17466
CB5.4,2023-03-21,6.1944,37.80013,-76.17466
CB5.4,2023-04-24,6.942,37.80013,-76.17466
CB5.4,2023-05-08,10.68,37.80013,-76.17466
CB5.4,2023-06-07,4.806,37.80013,-76.17466
CB5.4,2023-06-28,7.5828,37.80013,-76.17466
CB5.4,2023-07-11,8.01,37.80013,-76.17466
CB5.4,2023-08-17,6.408,37.80013,-76.17466
CB5.4,2023-08-29,8.7576,37.80013,-76.17466
CB5.4,2023-09-12,3.5244,37.80013,-76.17466
CB5.4,2023-10-10,4.6992,37.80013,-76.17466
CB5.4,2023-11-13,6.3012,37.80013,-76.17466
CB5.4,2023-12-12,4.0584,37.80013,-76.17466
CB5.4,2024-01-18,10.0392,37.80013,-76.17466
CB5.4,2024-02-20,5.874,37.80013,-76.17466
CB5.4,2024-03-14,6.942,37.80013,-76.17466
CB5.4,2024-04-17,18.0492,37.80013,-76.17466
CB5.4,2024-05-21,5.0196,37.80013,-76.17466
CB5.4,2024-06-10,9.7188,37.80013,-76.17466
CB5.4,2024-06-26,8.42533,37.80013,-76.17466
CB5.4,2024-07-11,12.282,37.80013,-76.17466
CB5.4,2024-08-27,7.0488,37.80013,-76.17466
CB5.4,2024-09-19,8.1168,37.80013,-76.17466
CB5.4,2024-10-22,9.7188,37.80013,-76.17466
CB5.4,2024-11-11,7.0488,37.80013,-76.17466
CB5.4,2024-12-09,5.0196,37.80013,-76.17466
CB5.4,2025-02-10,1.9224,37.80013,-76.17466
CB5.4W,2020-05-27,8.1168,37.81347,-76.29467
CB5.4W,2020-06-24,8.1435,37.81347,-76.29467
CB5.4W,2020-07-17,8.544,37.81347,-76.29467
CB5.4W,2020-08-25,10.5465,37.81347,-76.29467
CB5.4W,2020-09-16,6.942,37.81347,-76.29467
CB5.4W,2020-10-13,13.9908,37.81347,-76.29467
CB5.4W,2021-01-21,7.476,37.81347,-76.29467
CB5.4W,2021-03-17,7.0488,37.81347,-76.29467
CB5.4W,2021-04-05,18.4764,37.81347,-76.29467
CB5.4W,2021-05-14,4.806,37.81347,-76.29467
CB5.4W,2021-06-25,7.78114,37.81347,-76.29467
CB5.4W,2021-07-06,9.15429,37.81347,-76.29467
CB5.4W,2021-08-05,7.6896,37.81347,-76.29467
CB5.4W,2021-08-24,8.23695,37.81347,-76.29467
CB5.4W,2021-09-13,7.2624,37.81347,-76.29467
CB5.4W,2021-10-15,5.1264,37.81347,-76.29467
CB5.4W,2021-11-09,10.4664,37.81347,-76.29467
CB5.4W,2022-01-13,8.7576,37.81347,-76.29467
CB5.4W,2022-02-08,4.9395,37.81347,-76.29467
CB5.4W,2022-03-14,5.607,37.81347,-76.29467
CB5.4W,2022-04-26,9.879,37.81347,-76.29467
CB5.4W,2022-05-17,4.4856,37.81347,-76.29467
CB5.4W,2022-06-09,5.9808,37.81347,-76.29467
CB5.4W,2022-06-30,6.2745,37.81347,-76.29467
CB5.4W,2022-07-14,7.6095,37.81347,-76.29467
CB5.4W,2022-08-09,9.612,37.81347,-76.29467
CB5.4W,2022-08-23,8.277,37.81347,-76.29467
CB5.4W,2022-09-13,8.6508,37.81347,-76.29467
CB5.4W,2022-10-19,4.9128,37.81347,-76.29467
CB5.4W,2023-01-21,8.1168,37.81347,-76.29467
CB5.4W,2023-02-22,4.6992,37.81347,-76.29467
CB5.4W,2023-03-21,6.5148,37.81347,-76.29467
CB5.4W,2023-04-24,6.408,37.81347,-76.29467
CB5.4W,2023-05-08,5.34,37.81347,-76.29467
CB5.4W,2023-06-07,5.4468,37.81347,-76.29467
CB5.4W,2023-06-28,8.6508,37.81347,-76.29467
CB5.4W,2023-07-11,6.942,37.81347,-76.29467
CB5.4W,2023-08-17,,37.81347,-76.29467
CB5.4W,2023-08-29,9.8256,37.81347,-76.29467
CB5.4W,2023-09-12,5.7672,37.81347,-76.29467
CB5.4W,2023-10-10,4.4856,37.81347,-76.29467
CB5.4W,2023-11-13,3.738,37.81347,-76.29467
CB5.4W,2023-12-12,2.8836,37.81347,-76.29467
CB5.4W,2024-01-18,4.4856,37.81347,-76.29467
CB5.4W,2024-02-20,9.2916,37.81347,-76.29467
CB5.4W,2024-03-14,6.7818000000000005,37.81347,-76.29467
CB5.4W,2024-04-17,14.418,37.81347,-76.29467
CB5.4W,2024-05-21,10.0392,37.81347,-76.29467
CB5.4W,2024-06-10,8.7576,37.81347,-76.29467
CB5.4W,2024-06-26,7.9032,37.81347,-76.29467
CB5.4W,2024-07-11,9.078,37.81347,-76.29467
CB5.4W,2024-08-27,8.01,37.81347,-76.29467
CB5.4W,2024-09-19,8.3304,37.81347,-76.29467
CB5.4W,2024-10-22,3.9516,37.81347,-76.29467
CB5.4W,2024-11-11,4.1652,37.81347,-76.29467
CB5.4W,2024-12-09,2.67,37.81347,-76.29467
CB5.4W,2025-02-10,2.136,37.81347,-76.29467
CB5.5,2020-05-27,7.0488,37.6918,-76.18967
CB5.5,2020-06-24,5.607,37.6918,-76.18967
CB5.5,2020-07-17,10.79867,37.6918,-76.18967
CB5.5,2020-08-07,12.282,37.6918,-76.18967
CB5.5,2020-08-25,7.743,37.6918,-76.18967
CB5.5,2020-09-16,15.8064,37.6918,-76.18967
CB5.5,2020-10-13,8.1168,37.6918,-76.18967
CB5.5,2021-01-21,9.078,37.6918,-76.18967
CB5.5,2021-02-11,8.3304,37.6918,-76.18967
CB5.5,2021-03-17,7.476,37.6918,-76.18967
CB5.5,2021-04-05,10.7868,37.6918,-76.18967
CB5.5,2021-05-14,6.0876,37.6918,-76.18967
CB5.5,2021-06-25,6.10286,37.6918,-76.18967
CB5.5,2021-07-06,9.91714,37.6918,-76.18967
CB5.5,2021-08-05,8.7576,37.6918,-76.18967
CB5.5,2021-08-24,4.0584,37.6918,-76.18967
CB5.5,2021-09-13,7.2624,37.6918,-76.18967
CB5.5,2021-10-15,5.9808,37.6918,-76.18967
CB5.5,2021-11-09,8.01,37.6918,-76.18967
CB5.5,2021-12-08,14.0976,37.6918,-76.18967
CB5.5,2022-01-13,6.3012,37.6918,-76.18967
CB5.5,2022-02-08,6.8085,37.6918,-76.18967
CB5.5,2022-03-14,7.743,37.6918,-76.18967
CB5.5,2022-04-26,13.7505,37.6918,-76.18967
CB5.5,2022-05-17,3.471,37.6918,-76.18967
CB5.5,2022-06-09,5.607,37.6918,-76.18967
CB5.5,2022-06-30,5.7405,37.6918,-76.18967
CB5.5,2022-07-14,8.2236,37.6918,-76.18967
CB5.5,2022-08-09,7.209,37.6918,-76.18967
CB5.5,2022-08-23,6.408,37.6918,-76.18967
CB5.5,2022-09-13,3.204,37.6918,-76.18967
CB5.5,2022-10-19,6.6216,37.6918,-76.18967
CB5.5,2022-12-07,5.7672,37.6918,-76.18967
CB5.5,2023-01-21,9.2916,37.6918,-76.18967
CB5.5,2023-02-22,7.5828,37.6918,-76.18967
CB5.5,2023-03-21,7.1556,37.6918,-76.18967
CB5.5,2023-04-24,6.0876,37.6918,-76.18967
CB5.5,2023-05-08,5.6604,37.6918,-76.18967
CB5.5,2023-06-07,4.0584,37.6918,-76.18967
CB5.5,2023-06-28,5.2332,37.6918,-76.18967
CB5.5,2023-07-11,4.5924,37.6918,-76.18967
CB5.5,2023-08-17,5.2332,37.6918,-76.18967
CB5.5,2023-08-29,6.408,37.6918,-76.18967
CB5.5,2023-09-12,2.3496,37.6918,-76.18967
CB5.5,2023-10-10,11.214,37.6918,-76.18967
CB5.5,2023-11-13,7.0488,37.6918,-76.18967
CB5.5,2023-12-12,4.9128,37.6918,-76.18967
CB5.5,2024-01-18,10.0392,37.6918,-76.18967
CB5.5,2024-02-20,5.7672,37.6918,-76.18967
CB5.5,2024-03-15,6.0876,37.6918,-76.18967
CB5.5,2024-04-17,13.35,37.6918,-76.18967
CB5.5,2024-05-21,3.9516,37.6918,-76.18967
CB5.5,2024-06-10,6.408,37.6918,-76.18967
CB5.5,2024-06-25,10.8936,37.6918,-76.18967
CB5.5,2024-07-11,7.7964,37.6918,-76.18967
CB5.5,2024-08-27,5.874,37.6918,-76.18967
CB5.5,2024-09-19,8.01,37.6918,-76.18967
CB5.5,2024-10-15,6.8352,37.6918,-76.18967
CB5.5,2024-11-11,6.3012,37.6918,-76.18967
CB5.5,2024-12-09,4.272,37.6918,-76.18967
CB5.5,2025-02-10,1.7088,37.6918,-76.18967
CB6.1,2020-05-27,7.8765,37.58847,-76.16216
CB6.1,2020-06-24,6.141,37.58847,-76.16216
CB6.1,2020-07-17,7.1556,37.58847,-76.16216
CB6.1,2020-08-07,10.8135,37.58847,-76.16216
CB6.1,2020-08-25,8.01,37.58847,-76.16216
CB6.1,2020-09-16,21.5736,37.58847,-76.16216
CB6.1,2020-10-13,13.0296,37.58847,-76.16216
CB6.1,2021-01-22,7.0488,37.58847,-76.16216
CB6.1,2021-02-09,6.0876,37.58847,-76.16216
CB6.1,2021-03-17,8.277,37.58847,-76.16216
CB6.1,2021-04-05,15.3792,37.58847,-76.16216
CB6.1,2021-05-14,7.0488,37.58847,-76.16216
CB6.1,2021-06-25,5.95029,37.58847,-76.16216
CB6.1,2021-07-06,8.08629,37.58847,-76.16216
CB6.1,2021-08-05,17.088,37.58847,-76.16216
CB6.1,2021-08-24,4.9128,37.58847,-76.16216
CB6.1,2021-09-13,7.6896,37.58847,-76.16216
CB6.1,2021-10-15,5.2332,37.58847,-76.16216
CB6.1,2021-11-09,7.6896,37.58847,-76.16216
CB6.1,2021-12-08,14.952,37.58847,-76.16216
CB6.1,2022-01-13,6.8352,37.58847,-76.16216
CB6.1,2022-02-08,5.874,37.58847,-76.16216
CB6.1,2022-03-14,4.806,37.58847,-76.16216
CB6.1,2022-04-26,12.015,37.58847,-76.16216
CB6.1,2022-05-17,4.1385,37.58847,-76.16216
CB6.1,2022-06-09,6.141,37.58847,-76.16216
CB6.1,2022-06-30,5.4735,37.58847,-76.16216
CB6.1,2022-07-14,7.476,37.58847,-76.16216
CB6.1,2022-08-09,10.413,37.58847,-76.16216
CB6.1,2022-08-23,21.627,37.58847,-76.16216
CB6.1,2022-09-13,3.5244,37.58847,-76.16216
CB6.1,2022-10-19,6.1944,37.58847,-76.16216
CB6.1,2022-12-07,5.5536,37.58847,-76.16216
CB6.1,2023-01-21,10.0392,37.58847,-76.16216
CB6.1,2023-02-22,5.34,37.58847,-76.16216
CB6.1,2023-03-21,6.5148,37.58847,-76.16216
CB6.1,2023-04-24,4.6992,37.58847,-76.16216
CB6.1,2023-05-08,3.5244,37.58847,-76.16216
CB6.1,2023-06-07,3.0972,37.58847,-76.16216
CB6.1,2023-06-28,4.4856,37.58847,-76.16216
CB6.1,2023-07-11,5.9808,37.58847,-76.16216
CB6.1,2023-08-17,6.3012,37.58847,-76.16216
CB6.1,2023-08-29,8.1168,37.58847,-76.16216
CB6.1,2023-09-12,5.7672,37.58847,-76.16216
CB6.1,2023-10-10,9.5052,37.58847,-76.16216
CB6.1,2023-11-13,7.476,37.58847,-76.16216
CB6.1,2023-12-12,2.7768,37.58847,-76.16216
CB6.1,2024-01-18,8.4372,37.58847,-76.16216
CB6.1,2024-02-20,6.0876,37.58847,-76.16216
CB6.1,2024-03-15,9.3984,37.58847,-76.16216
CB6.1,2024-04-17,12.9228,37.58847,-76.16216
CB6.1,2024-05-21,5.7672,37.58847,-76.16216
CB6.1,2024-06-10,8.2236,37.58847,-76.16216
CB6.1,2024-06-25,9.612,37.58847,-76.16216
CB6.1,2024-07-11,8.544,37.58847,-76.16216
CB6.1,2024-08-27,5.9808,37.58847,-76.16216
CB6.1,2024-09-19,7.476,37.58847,-76.16216
CB6.1,2024-10-15,5.9808,37.58847,-76.16216
CB6.1,2024-11-11,9.5052,37.58847,-76.16216
CB6.1,2024-12-09,2.8836,37.58847,-76.16216
CB6.1,2025-02-10,2.4564,37.58847,-76.16216
CB6.2,2020-05-27,8.9712,37.4868,-76.15633
CB6.2,2020-06-24,7.0488,37.4868,-76.15633
CB6.2,2020-07-17,6.408,37.4868,-76.15633
CB6.2,2020-08-07,18.5565,37.4868,-76.15633
CB6.2,2020-08-25,8.1168,37.4868,-76.15633
CB6.2,2020-09-16,15.0588,37.4868,-76.15633
CB6.2,2020-10-13,9.7188,37.4868,-76.15633
CB6.2,2021-01-25,5.4468,37.4868,-76.15633
CB6.2,2021-02-10,7.5828,37.4868,-76.15633
CB6.2,2021-03-17,8.4105,37.4868,-76.15633
CB6.2,2021-04-05,9.612,37.4868,-76.15633
CB6.2,2021-05-13,8.4372,37.4868,-76.15633
CB6.2,2021-06-25,7.654,37.4868,-76.15633
CB6.2,2021-07-06,7.32343,37.4868,-76.15633
CB6.2,2021-08-05,7.476,37.4868,-76.15633
CB6.2,2021-08-24,3.9516,37.4868,-76.15633
CB6.2,2021-09-13,5.9808,37.4868,-76.15633
CB6.2,2021-10-15,5.5536,37.4868,-76.15633
CB6.2,2021-11-09,10.0392,37.4868,-76.15633
CB6.2,2021-12-09,13.5636,37.4868,-76.15633
CB6.2,2022-01-13,6.3012,37.4868,-76.15633
CB6.2,2022-02-08,4.9395,37.4868,-76.15633
CB6.2,2022-03-14,6.408,37.4868,-76.15633
CB6.2,2022-04-26,10.0125,37.4868,-76.15633
CB6.2,2022-05-17,3.738,37.4868,-76.15633
CB6.2,2022-06-09,6.0075,37.4868,-76.15633
CB6.2,2022-06-30,8.4105,37.4868,-76.15633
CB6.2,2022-07-14,8.01,37.4868,-76.15633
CB6.2,2022-08-09,7.209,37.4868,-76.15633
CB6.2,2022-08-23,3.6045,37.4868,-76.15633
CB6.2,2022-09-13,4.1652,37.4868,-76.15633
CB6.2,2022-12-07,6.1944,37.4868,-76.15633
CB6.2,2023-01-22,9.1848,37.4868,-76.15633
CB6.2,2023-02-22,3.9516,37.4868,-76.15633
CB6.2,2023-03-21,8.3304,37.4868,-76.15633
CB6.2,2023-04-24,5.0196,37.4868,-76.15633
CB6.2,2023-05-08,4.0584,37.4868,-76.15633
CB6.2,2023-06-07,4.806,37.4868,-76.15633
CB6.2,2023-06-28,5.0196,37.4868,-76.15633
CB6.2,2023-07-11,4.6992,37.4868,-76.15633
CB6.2,2023-08-17,9.078,37.4868,-76.15633
CB6.2,2023-08-29,6.6216,37.4868,-76.15633
CB6.2,2023-09-12,3.5244,37.4868,-76.15633
CB6.2,2023-10-10,6.7284,37.4868,-76.15633
CB6.2,2023-11-13,3.5244,37.4868,-76.15633
CB6.2,2023-12-12,4.806,37.4868,-76.15633
CB6.2,2024-01-18,9.73067,37.4868,-76.15633
CB6.2,2024-02-21,6.3012,37.4868,-76.15633
CB6.2,2024-03-15,10.7868,37.4868,-76.15633
CB6.2,2024-04-17,9.1848,37.4868,-76.15633
CB6.2,2024-05-21,6.7284,37.4868,-76.15633
CB6.2,2024-06-10,7.6896,37.4868,-76.15633
CB6.2,2024-06-25,8.01,37.4868,-76.15633
CB6.2,2024-07-11,7.5828,37.4868,-76.15633
CB6.2,2024-08-27,4.5924,37.4868,-76.15633
CB6.2,2024-09-19,4.6992,37.4868,-76.15633
CB6.2,2024-10-15,7.6896,37.4868,-76.15633
CB6.2,2024-11-11,5.7672,37.4868,-76.15633
CB6.2,2025-02-10,2.2428,37.4868,-76.15633
CB6.3,2020-05-27,7.0488,37.41153,-76.15966
CB6.3,2020-06-22,6.052,37.41153,-76.15966
CB6.3,2020-07-16,8.811,37.41153,-76.15966
CB6.3,2020-08-07,16.4205,37.41153,-76.15966
CB6.3,2020-08-25,6.5415,37.41153,-76.15966
CB6.3,2020-09-16,28.5156,37.41153,-76.15966
CB6.3,2020-10-13,11.4276,37.41153,-76.15966
CB6.3,2021-01-25,8.3304,37.41153,-76.15966
CB6.3,2021-02-09,9.345,37.41153,-76.15966
CB6.3,2021-03-17,7.3692,37.41153,-76.15966
CB6.3,2021-04-05,15.8064,37.41153,-76.15966
CB6.3,2021-05-13,9.3984,37.41153,-76.15966
CB6.3,2021-06-25,6.56057,37.41153,-76.15966
CB6.3,2021-07-06,7.32343,37.41153,-76.15966
CB6.3,2021-08-05,7.95067,37.41153,-76.15966
CB6.3,2021-08-24,6.7284,37.41153,-76.15966
CB6.3,2021-09-13,5.9808,37.41153,-76.15966
CB6.3,2021-10-15,4.5924,37.41153,-76.15966
CB6.3,2021-11-09,6.6216,37.41153,-76.15966
CB6.3,2021-12-09,12.4956,37.41153,-76.15966
CB6.3,2022-01-13,6.0876,37.41153,-76.15966
CB6.3,2022-02-08,4.806,37.41153,-76.15966
CB6.3,2022-03-14,6.0075,37.41153,-76.15966
CB6.3,2022-04-25,8.9445,37.41153,-76.15966
CB6.3,2022-05-17,3.738,37.41153,-76.15966
CB6.3,2022-06-09,6.2745,37.41153,-76.15966
CB6.3,2022-06-30,7.8765,37.41153,-76.15966
CB6.3,2022-07-14,8.01,37.41153,-76.15966
CB6.3,2022-08-09,7.476,37.41153,-76.15966
CB6.3,2022-08-23,3.026,37.41153,-76.15966
CB6.3,2022-09-13,4.5924,37.41153,-76.15966
CB6.3,2022-10-19,5.1264,37.41153,-76.15966
CB6.3,2022-12-07,5.6604,37.41153,-76.15966
CB6.3,2023-01-22,8.7576,37.41153,-76.15966
CB6.3,2023-02-22,7.5828,37.41153,-76.15966
CB6.3,2023-03-21,5.9808,37.41153,-76.15966
CB6.3,2023-04-24,5.5536,37.41153,-76.15966
CB6.3,2023-05-08,2.136,37.41153,-76.15966
CB6.3,2023-06-07,4.806,37.41153,-76.15966
CB6.3,2023-06-28,3.738,37.41153,-76.15966
CB6.3,2023-07-11,4.0584,37.41153,-76.15966
CB6.3,2023-08-17,7.0488,37.41153,-76.15966
CB6.3,2023-08-29,6.942,37.41153,-76.15966
CB6.3,2023-09-12,1.8156,37.41153,-76.15966
CB6.3,2023-10-10,5.5536,37.41153,-76.15966
CB6.3,2023-11-13,5.4735,37.41153,-76.15966
CB6.3,2023-12-12,4.6992,37.41153,-76.15966
CB6.3,2024-01-18,6.408,37.41153,-76.15966
CB6.3,2024-02-21,6.7284,37.41153,-76.15966
CB6.3,2024-03-15,,37.41153,-76.15966
CB6.3,2024-04-17,8.8644,37.41153,-76.15966
CB6.3,2024-05-21,10.0392,37.41153,-76.15966
CB6.3,2024-06-10,9.9324,37.41153,-76.15966
CB6.3,2024-06-25,12.1752,37.41153,-76.15966
CB6.3,2024-07-11,8.6508,37.41153,-76.15966
CB6.3,2024-08-27,3.738,37.41153,-76.15966
CB6.3,2024-09-19,7.3692,37.41153,-76.15966
CB6.3,2024-10-15,6.5148,37.41153,-76.15966
CB6.3,2024-11-11,5.0196,37.41153,-76.15966
CB6.3,2024-12-09,3.4176,37.41153,-76.15966
CB6.3,2025-02-10,1.9224,37.41153,-76.15966
CB6.4,2020-05-27,4.1652,37.23653,-76.20799
CB6.4,2020-06-24,7.2624,37.23653,-76.20799
CB6.4,2020-07-15,9.49333,37.23653,-76.20799
CB6.4,2020-08-06,14.151,37.23653,-76.20799
CB6.4,2020-08-26,6.3012,37.23653,-76.20799
CB6.4,2020-09-16,8.1168,37.23653,-76.20799
CB6.4,2020-10-12,6.8352,37.23653,-76.20799
CB6.4,2020-11-16,4.1652,37.23653,-76.20799
CB6.4,2021-01-25,7.2624,37.23653,-76.20799
CB6.4,2021-02-09,7.5828,37.23653,-76.20799
CB6.4,2021-03-16,5.6604,37.23653,-76.20799
CB6.4,2021-04-07,7.1556,37.23653,-76.20799
CB6.4,2021-05-11,5.1264,37.23653,-76.20799
CB6.4,2021-06-01,7.0488,37.23653,-76.20799
CB6.4,2021-06-21,5.95029,37.23653,-76.20799
CB6.4,2021-07-06,6.86571,37.23653,-76.20799
CB6.4,2021-08-06,6.5148,37.23653,-76.20799
CB6.4,2021-08-24,5.34,37.23653,-76.20799
CB6.4,2021-09-13,3.204,37.23653,-76.20799
CB6.4,2021-10-14,4.6992,37.23653,-76.20799
CB6.4,2021-11-09,6.408,37.23653,-76.20799
CB6.4,2021-12-09,10.3596,37.23653,-76.20799
CB6.4,2022-01-13,8.7576,37.23653,-76.20799
CB6.4,2022-02-08,6.141,37.23653,-76.20799
CB6.4,2022-03-14,5.9808,37.23653,-76.20799
CB6.4,2022-04-25,5.073,37.23653,-76.20799
CB6.4,2022-05-16,3.6312,37.23653,-76.20799
CB6.4,2022-06-07,4.3788,37.23653,-76.20799
CB6.4,2022-06-27,9.078,37.23653,-76.20799
CB6.4,2022-07-12,9.5052,37.23653,-76.20799
CB6.4,2022-08-08,8.01,37.23653,-76.20799
CB6.4,2022-08-22,3.471,37.23653,-76.20799
CB6.4,2022-09-13,4.0584,37.23653,-76.20799
CB6.4,2022-10-20,4.6992,37.23653,-76.20799
CB6.4,2022-12-05,5.4468,37.23653,-76.20799
CB6.4,2023-01-20,6.7284,37.23653,-76.20799
CB6.4,2023-02-21,3.4176,37.23653,-76.20799
CB6.4,2023-03-16,7.1556,37.23653,-76.20799
CB6.4,2023-04-24,3.9516,37.23653,-76.20799
CB6.4,2023-05-08,2.8836,37.23653,-76.20799
CB6.4,2023-06-07,4.6992,37.23653,-76.20799
CB6.4,2023-06-28,6.7284,37.23653,-76.20799
CB6.4,2023-07-11,7.0488,37.23653,-76.20799
CB6.4,2023-08-17,7.5828,37.23653,-76.20799
CB6.4,2023-08-29,3.5244,37.23653,-76.20799
CB6.4,2023-09-12,1.1748,37.23653,-76.20799
CB6.4,2023-10-10,8.3304,37.23653,-76.20799
CB6.4,2023-11-13,3.5244,37.23653,-76.20799
CB6.4,2023-12-12,3.5244,37.23653,-76.20799
CB6.4,2024-01-18,8.2236,37.23653,-76.20799
CB6.4,2024-02-20,6.1944,37.23653,-76.20799
CB6.4,2024-03-15,10.68,37.23653,-76.20799
CB6.4,2024-04-17,9.2916,37.23653,-76.20799
CB6.4,2024-05-21,6.408,37.23653,-76.20799
CB6.4,2024-06-10,5.9808,37.23653,-76.20799
CB6.4,2024-06-27,6.7284,37.23653,-76.20799
CB6.4,2024-07-11,10.5732,37.23653,-76.20799
CB6.4,2024-08-19,4.0584,37.23653,-76.20799
CB6.4,2024-08-27,4.4856,37.23653,-76.20799
CB6.4,2024-09-19,4.005,37.23653,-76.20799
CB6.4,2024-10-15,6.942,37.23653,-76.20799
CB6.4,2024-11-11,5.2332,37.23653,-76.20799
CB6.4,2024-12-09,3.8448,37.23653,-76.20799
CB6.4,2025-01-16,4.806,37.23653,-76.20799
CB6.4,2025-02-10,2.0292,37.23653,-76.20799
CB7.1,2020-05-28,5.34,37.68346,-75.98966
CB7.1,2020-06-22,5.073,37.68346,-75.98966
CB7.1,2020-07-16,8.1435,37.68346,-75.98966
CB7.1,2020-08-24,11.214,37.68346,-75.98966
CB7.1,2020-09-17,12.0684,37.68346,-75.98966
CB7.1,2020-10-12,7.5828,37.68346,-75.98966
CB7.1,2020-11-19,8.3304,37.68346,-75.98966
CB7.1,2021-01-22,11.1072,37.68346,-75.98966
CB7.1,2021-02-11,9.2916,37.68346,-75.98966
CB7.1,2021-04-06,11.4276,37.68346,-75.98966
CB7.1,2021-05-13,5.3934,37.68346,-75.98966
CB7.1,2021-06-02,8.544,37.68346,-75.98966
CB7.1,2021-06-24,5.645144999999999,37.68346,-75.98966
CB7.1,2021-07-07,8.08629,37.68346,-75.98966
CB7.1,2021-08-03,8.01,37.68346,-75.98966
CB7.1,2021-08-23,7.6896,37.68346,-75.98966
CB7.1,2021-09-14,9.5052,37.68346,-75.98966
CB7.1,2021-10-13,8.8644,37.68346,-75.98966
CB7.1,2021-11-10,10.5732,37.68346,-75.98966
CB7.1,2021-12-08,12.816,37.68346,-75.98966
CB7.1,2022-02-07,5.34,37.68346,-75.98966
CB7.1,2022-03-15,4.6725,37.68346,-75.98966
CB7.1,2022-04-26,6.942,37.68346,-75.98966
CB7.1,2022-05-18,3.204,37.68346,-75.98966
CB7.1,2022-06-10,6.141,37.68346,-75.98966
CB7.1,2022-06-29,6.0075,37.68346,-75.98966
CB7.1,2022-07-11,8.1435,37.68346,-75.98966
CB7.1,2022-08-10,6.86572,37.68346,-75.98966
CB7.1,2022-08-24,4.4055,37.68346,-75.98966
CB7.1,2022-09-12,24.9912,37.68346,-75.98966
CB7.1,2022-12-07,11.3208,37.68346,-75.98966
CB7.1,2023-01-21,7.5828,37.68346,-75.98966
CB7.1,2023-02-14,3.1506,37.68346,-75.98966
CB7.1,2023-03-20,8.4372,37.68346,-75.98966
CB7.1,2023-04-26,3.3108,37.68346,-75.98966
CB7.1,2023-05-11,2.9904,37.68346,-75.98966
CB7.1,2023-06-05,3.8448,37.68346,-75.98966
CB7.1,2023-06-29,8.6508,37.68346,-75.98966
CB7.1,2023-07-10,7.7964,37.68346,-75.98966
CB7.1,2023-08-16,13.0296,37.68346,-75.98966
CB7.1,2023-08-28,5.874,37.68346,-75.98966
CB7.1,2023-09-11,4.6992,37.68346,-75.98966
CB7.1,2023-10-11,7.2623999999999995,37.68346,-75.98966
CB7.1,2023-11-15,5.2332,37.68346,-75.98966
CB7.1,2024-01-22,9.612,37.68346,-75.98966
CB7.1,2024-02-21,7.9032,37.68346,-75.98966
CB7.1,2024-03-14,12.6024,37.68346,-75.98966
CB7.1,2024-04-16,11.214,37.68346,-75.98966
CB7.1,2024-05-13,3.6312,37.68346,-75.98966
CB7.1,2024-06-11,7.476,37.68346,-75.98966
CB7.1,2024-06-26,8.7576,37.68346,-75.98966
CB7.1,2024-07-13,6.5682,37.68346,-75.98966
CB7.1,2024-08-12,7.6896,37.68346,-75.98966
CB7.1,2024-08-26,7.476,37.68346,-75.98966
CB7.1,2024-09-18,7.0755,37.68346,-75.98966
CB7.1,2024-10-22,7.1556,37.68346,-75.98966
CB7.1,2024-12-10,5.34,37.68346,-75.98966
CB7.1,2025-01-13,4.6992,37.68346,-75.98966
CB7.1,2025-02-11,2.5632,37.68346,-75.98966
CB7.1N,2020-05-28,7.743,37.77513,-75.97466
CB7.1N,2020-06-25,6.6216,37.77513,-75.97466
CB7.1N,2020-07-16,9.612,37.77513,-75.97466
CB7.1N,2020-08-25,8.544,37.77513,-75.97466
CB7.1N,2020-09-17,12.282,37.77513,-75.97466
CB7.1N,2020-10-12,6.5148,37.77513,-75.97466
CB7.1N,2020-11-19,9.1848,37.77513,-75.97466
CB7.1N,2021-01-22,12.816,37.77513,-75.97466
CB7.1N,2021-02-11,11.481,37.77513,-75.97466
CB7.1N,2021-04-06,15.0588,37.77513,-75.97466
CB7.1N,2021-05-13,4.6992,37.77513,-75.97466
CB7.1N,2021-06-02,8.2236,37.77513,-75.97466
CB7.1N,2021-06-24,7.476,37.77513,-75.97466
CB7.1N,2021-07-07,5.9808,37.77513,-75.97466
CB7.1N,2021-08-03,9.612,37.77513,-75.97466
CB7.1N,2021-08-23,9.30686,37.77513,-75.97466
CB7.1N,2021-09-14,9.5586,37.77513,-75.97466
CB7.1N,2021-10-13,5.7672,37.77513,-75.97466
CB7.1N,2021-11-10,10.68,37.77513,-75.97466
CB7.1N,2021-12-08,13.510200000000001,37.77513,-75.97466
CB7.1N,2022-02-07,8.366,37.77513,-75.97466
CB7.1N,2022-03-15,5.073,37.77513,-75.97466
CB7.1N,2022-04-26,9.612,37.77513,-75.97466
CB7.1N,2022-05-18,3.4176,37.77513,-75.97466
CB7.1N,2022-06-10,6.8352,37.77513,-75.97466
CB7.1N,2022-06-29,7.9032,37.77513,-75.97466
CB7.1N,2022-07-11,8.6775,37.77513,-75.97466
CB7.1N,2022-08-10,9.612,37.77513,-75.97466
CB7.1N,2022-08-24,18.69,37.77513,-75.97466
CB7.1N,2022-09-12,7.9032,37.77513,-75.97466
CB7.1N,2022-12-07,5.2332,37.77513,-75.97466
CB7.1N,2023-01-21,9.5052,37.77513,-75.97466
CB7.1N,2023-02-14,5.874,37.77513,-75.97466
CB7.1N,2023-03-20,8.544,37.77513,-75.97466
CB7.1N,2023-04-26,4.272,37.77513,-75.97466
CB7.1N,2023-05-11,3.204,37.77513,-75.97466
CB7.1N,2023-06-05,3.9516,37.77513,-75.97466
CB7.1N,2023-06-29,5.1264,37.77513,-75.97466
CB7.1N,2023-07-10,9.078,37.77513,-75.97466
CB7.1N,2023-08-16,10.8936,37.77513,-75.97466
CB7.1N,2023-08-28,13.4568,37.77513,-75.97466
CB7.1N,2023-09-11,5.6604,37.77513,-75.97466
CB7.1N,2023-10-11,10.5732,37.77513,-75.97466
CB7.1N,2023-11-15,7.9032,37.77513,-75.97466
CB7.1N,2024-01-22,8.7576,37.77513,-75.97466
CB7.1N,2024-02-21,8.1168,37.77513,-75.97466
CB7.1N,2024-03-14,10.146,37.77513,-75.97466
CB7.1N,2024-04-16,12.4956,37.77513,-75.97466
CB7.1N,2024-05-13,5.7672,37.77513,-75.97466
CB7.1N,2024-06-11,7.209,37.77513,-75.97466
CB7.1N,2024-06-26,8.544,37.77513,-75.97466
CB7.1N,2024-07-13,10.5732,37.77513,-75.97466
CB7.1N,2024-08-12,23.6028,37.77513,-75.97466
CB7.1N,2024-08-26,8.330400000000001,37.77513,-75.97466
CB7.1N,2024-09-18,9.45943,37.77513,-75.97466
CB7.1N,2024-10-22,6.7284,37.77513,-75.97466
CB7.1N,2025-01-13,4.4856,37.77513,-75.97466
CB7.1N,2025-02-11,2.67,37.77513,-75.97466
CB7.2,2020-05-27,6.3012,37.41153,-76.07966
CB7.2,2020-06-22,4.5924,37.41153,-76.07966
CB7.2,2020-07-16,6.7284,37.41153,-76.07966
CB7.2,2020-08-07,11.481,37.41153,-76.07966
CB7.2,2020-08-24,4.806,37.41153,-76.07966
CB7.2,2020-09-17,4.3788,37.41153,-76.07966
CB7.2,2020-10-12,9.2916,37.41153,-76.07966
CB7.2,2020-11-19,5.2332,37.41153,-76.07966
CB7.2,2021-01-25,7.476,37.41153,-76.07966
CB7.2,2021-02-10,6.3012,37.41153,-76.07966
CB7.2,2021-04-06,7.9032,37.41153,-76.07966
CB7.2,2021-05-13,5.2332,37.41153,-76.07966
CB7.2,2021-06-02,6.8886,37.41153,-76.07966
CB7.2,2021-06-24,5.03486,37.41153,-76.07966
CB7.2,2021-07-07,6.586,37.41153,-76.07966
CB7.2,2021-08-03,5.45867,37.41153,-76.07966
CB7.2,2021-08-23,5.0196,37.41153,-76.07966
CB7.2,2021-09-14,4.5924,37.41153,-76.07966
CB7.2,2021-10-13,5.34,37.41153,-76.07966
CB7.2,2021-11-10,9.7188,37.41153,-76.07966
CB7.2,2021-12-09,11.5344,37.41153,-76.07966
CB7.2,2022-02-07,4.272,37.41153,-76.07966
CB7.2,2022-03-15,2.403,37.41153,-76.07966
CB7.2,2022-04-25,8.6775,37.41153,-76.07966
CB7.2,2022-05-18,4.0584,37.41153,-76.07966
CB7.2,2022-06-10,5.34,37.41153,-76.07966
CB7.2,2022-06-29,9.612,37.41153,-76.07966
CB7.2,2022-07-11,7.8765,37.41153,-76.07966
CB7.2,2022-08-10,5.4735,37.41153,-76.07966
CB7.2,2022-08-23,2.937,37.41153,-76.07966
CB7.2,2022-09-12,3.9516,37.41153,-76.07966
CB7.2,2022-12-07,8.1702,37.41153,-76.07966
CB7.2,2023-01-22,3.6312,37.41153,-76.07966
CB7.2,2023-02-14,3.8448,37.41153,-76.07966
CB7.2,2023-03-20,6.3012,37.41153,-76.07966
CB7.2,2023-04-26,4.806,37.41153,-76.07966
CB7.2,2023-05-11,3.738,37.41153,-76.07966
CB7.2,2023-06-05,2.9904,37.41153,-76.07966
CB7.2,2023-06-29,13.5636,37.41153,-76.07966
CB7.2,2023-07-10,7.9032,37.41153,-76.07966
CB7.2,2023-08-16,6.8352,37.41153,-76.07966
CB7.2,2023-08-28,9.8256,37.41153,-76.07966
CB7.2,2023-09-11,2.136,37.41153,-76.07966
CB7.2,2023-10-11,4.9128,37.41153,-76.07966
CB7.2,2023-11-15,7.2624,37.41153,-76.07966
CB7.2,2024-01-22,5.9808,37.41153,-76.07966
CB7.2,2024-02-20,5.5536,37.41153,-76.07966
CB7.2,2024-03-14,8.3304,37.41153,-76.07966
CB7.2,2024-04-16,6.675000000000001,37.41153,-76.07966
CB7.2,2024-05-13,4.1652,37.41153,-76.07966
CB7.2,2024-06-11,9.2916,37.41153,-76.07966
CB7.2,2024-06-25,8.188,37.41153,-76.07966
CB7.2,2024-07-11,6.408,37.41153,-76.07966
CB7.2,2024-08-12,6.5148,37.41153,-76.07966
CB7.2,2024-08-26,5.1264,37.41153,-76.07966
CB7.2,2024-09-18,6.675,37.41153,-76.07966
CB7.2,2024-10-22,3.8448,37.41153,-76.07966
CB7.2,2024-12-10,6.2478,37.41153,-76.07966
CB7.2,2025-01-13,2.8836000000000004,37.41153,-76.07966
CB7.2,2025-02-11,1.9224,37.41153,-76.07966
CB7.2E,2020-05-28,7.476,37.41153,-76.02466
CB7.2E,2020-06-22,3.8715,37.41153,-76.02466
CB7.2E,2020-07-16,4.539,37.41153,-76.02466
CB7.2E,2020-08-24,4.9395,37.41153,-76.02466
CB7.2E,2020-09-17,6.1944,37.41153,-76.02466
CB7.2E,2020-10-12,2.4564,37.41153,-76.02466
CB7.2E,2020-11-19,10.68,37.41153,-76.02466
CB7.2E,2021-01-25,6.3012,37.41153,-76.02466
CB7.2E,2021-02-10,8.01,37.41153,-76.02466
CB7.2E,2021-04-06,7.2624,37.41153,-76.02466
CB7.2E,2021-05-13,6.6216,37.41153,-76.02466
CB7.2E,2021-06-02,4.6992,37.41153,-76.02466
CB7.2E,2021-06-24,5.49257,37.41153,-76.02466
CB7.2E,2021-07-07,5.49257,37.41153,-76.02466
CB7.2E,2021-08-03,11.6412,37.41153,-76.02466
CB7.2E,2021-08-23,6.6216,37.41153,-76.02466
CB7.2E,2021-09-14,3.738,37.41153,-76.02466
CB7.2E,2021-10-13,5.7672,37.41153,-76.02466
CB7.2E,2021-11-10,6.3012,37.41153,-76.02466
CB7.2E,2021-12-09,11.748,37.41153,-76.02466
CB7.2E,2022-02-07,4.806,37.41153,-76.02466
CB7.2E,2022-03-15,2.8836,37.41153,-76.02466
CB7.2E,2022-04-25,6.5415,37.41153,-76.02466
CB7.2E,2022-05-18,7.1556,37.41153,-76.02466
CB7.2E,2022-06-10,4.539,37.41153,-76.02466
CB7.2E,2022-06-29,7.3692,37.41153,-76.02466
CB7.2E,2022-07-11,7.6095,37.41153,-76.02466
CB7.2E,2022-08-10,5.874,37.41153,-76.02466
CB7.2E,2022-08-24,3.204,37.41153,-76.02466
CB7.2E,2022-09-12,4.3788,37.41153,-76.02466
CB7.2E,2022-12-06,6.8352,37.41153,-76.02466
CB7.2E,2023-01-22,4.9128,37.41153,-76.02466
CB7.2E,2023-02-14,4.3788,37.41153,-76.02466
CB7.2E,2023-03-20,4.1652,37.41153,-76.02466
CB7.2E,2023-04-26,2.8836,37.41153,-76.02466
CB7.2E,2023-05-11,2.7768,37.41153,-76.02466
CB7.2E,2023-06-05,3.3108,37.41153,-76.02466
CB7.2E,2023-06-29,6.8352,37.41153,-76.02466
CB7.2E,2023-07-10,7.6896,37.41153,-76.02466
CB7.2E,2023-08-16,8.4372,37.41153,-76.02466
CB7.2E,2023-08-28,5.34,37.41153,-76.02466
CB7.2E,2023-09-11,3.204,37.41153,-76.02466
CB7.2E,2023-10-11,5.7672,37.41153,-76.02466
CB7.2E,2023-11-15,5.2332,37.41153,-76.02466
CB7.2E,2024-01-22,4.672499999999999,37.41153,-76.02466
CB7.2E,2024-02-20,4.5924,37.41153,-76.02466
CB7.2E,2024-03-14,8.7576,37.41153,-76.02466
CB7.2E,2024-04-16,6.942,37.41153,-76.02466
CB7.2E,2024-05-13,6.408,37.41153,-76.02466
CB7.2E,2024-06-11,5.6604,37.41153,-76.02466
CB7.2E,2024-06-25,6.8085,37.41153,-76.02466
CB7.2E,2024-07-13,5.2332,37.41153,-76.02466
CB7.2E,2024-08-12,6.4614,37.41153,-76.02466
CB7.2E,2024-08-26,4.4856,37.41153,-76.02466
CB7.2E,2024-09-18,7.476,37.41153,-76.02466
CB7.2E,2024-10-22,7.1556,37.41153,-76.02466
CB7.2E,2024-12-10,6.0876,37.41153,-76.02466
CB7.2E,2025-01-13,3.5244,37.41153,-76.02466
CB7.2E,2025-02-11,2.67,37.41153,-76.02466
CB7.3,2020-05-29,3.0972,37.11681,-76.12521
CB7.3,2020-06-25,5.4468,37.11681,-76.12521
CB7.3,2020-07-15,6.141,37.11681,-76.12521
CB7.3,2020-08-06,3.3375,37.11681,-76.12521
CB7.3,2020-08-26,7.5828,37.11681,-76.12521
CB7.3,2020-09-14,4.5924,37.11681,-76.12521
CB7.3,2020-10-14,5.5536,37.11681,-76.12521
CB7.3,2020-11-16,10.146,37.11681,-76.12521
CB7.3,2021-01-25,4.806,37.11681,-76.12521
CB7.3,2021-02-09,3.204,37.11681,-76.12521
CB7.3,2021-03-16,3.5244,37.11681,-76.12521
CB7.3,2021-04-06,4.1652,37.11681,-76.12521
CB7.3,2021-05-11,8.3304,37.11681,-76.12521
CB7.3,2021-06-01,5.6604,37.11681,-76.12521
CB7.3,2021-06-21,4.11943,37.11681,-76.12521
CB7.3,2021-07-07,4.628,37.11681,-76.12521
CB7.3,2021-08-05,7.00133,37.11681,-76.12521
CB7.3,2021-08-25,3.204,37.11681,-76.12521
CB7.3,2021-09-14,5.34,37.11681,-76.12521
CB7.3,2021-10-13,6.3012,37.11681,-76.12521
CB7.3,2021-11-10,5.5536,37.11681,-76.12521
CB7.3,2021-12-09,7.3692,37.11681,-76.12521
CB7.3,2022-02-08,3.3375,37.11681,-76.12521
CB7.3,2022-03-15,3.204,37.11681,-76.12521
CB7.3,2022-04-25,3.471,37.11681,-76.12521
CB7.3,2022-05-16,8.4105,37.11681,-76.12521
CB7.3,2022-06-07,3.0972,37.11681,-76.12521
CB7.3,2022-06-27,5.34,37.11681,-76.12521
CB7.3,2022-07-11,8.9445,37.11681,-76.12521
CB7.3,2022-08-08,6.408,37.11681,-76.12521
CB7.3,2022-08-22,2.5365,37.11681,-76.12521
CB7.3,2022-09-12,3.4176,37.11681,-76.12521
CB7.3,2022-10-20,5.2332,37.11681,-76.12521
CB7.3,2022-12-05,6.3012,37.11681,-76.12521
CB7.3,2023-01-20,3.5244,37.11681,-76.12521
CB7.3,2023-02-14,1.9224,37.11681,-76.12521
CB7.3,2023-03-16,5.9808,37.11681,-76.12521
CB7.3,2023-05-08,1.8156,37.11681,-76.12521
CB7.3,2023-06-05,3.5244,37.11681,-76.12521
CB7.3,2023-06-29,4.1652,37.11681,-76.12521
CB7.3,2023-07-10,5.6604,37.11681,-76.12521
CB7.3,2023-08-30,3.204,37.11681,-76.12521
CB7.3,2023-09-13,4.5924,37.11681,-76.12521
CB7.3,2023-10-11,8.6508,37.11681,-76.12521
CB7.3,2023-11-15,3.5244,37.11681,-76.12521
CB7.3,2023-12-13,4.6992,37.11681,-76.12521
CB7.3,2024-01-23,2.4564,37.11681,-76.12521
CB7.3,2024-02-22,4.3788,37.11681,-76.12521
CB7.3,2024-03-20,9.8256,37.11681,-76.12521
CB7.3,2024-04-15,5.4468,37.11681,-76.12521
CB7.3,2024-05-13,4.1652,37.11681,-76.12521
CB7.3,2024-06-11,5.4468,37.11681,-76.12521
CB7.3,2024-06-25,5.34,37.11681,-76.12521
CB7.3,2024-07-12,5.6604,37.11681,-76.12521
CB7.3,2024-08-19,2.0292,37.11681,-76.12521
CB7.3,2024-08-26,2.3496,37.11681,-76.12521
CB7.3,2024-09-18,6.5415,37.11681,-76.12521
CB7.3,2024-10-23,2.5632,37.11681,-76.12521
CB7.3,2024-12-10,3.8448,37.11681,-76.12521
CB7.3,2025-01-13,2.136,37.11681,-76.12521
CB7.3,2025-02-18,1.4952,37.11681,-76.12521
CB7.3E,2020-05-28,5.18743,37.22875,-76.05383
CB7.3E,2020-06-25,4.984,37.22875,-76.05383
CB7.3E,2020-07-15,5.7405,37.22875,-76.05383
CB7.3E,2020-08-06,9.2916,37.22875,-76.05383
CB7.3E,2020-08-26,6.3012,37.22875,-76.05383
CB7.3E,2020-09-14,6.7284,37.22875,-76.05383
CB7.3E,2020-10-12,3.8448,37.22875,-76.05383
CB7.3E,2020-11-19,9.5052,37.22875,-76.05383
CB7.3E,2021-01-25,8.544,37.22875,-76.05383
CB7.3E,2021-02-09,5.34,37.22875,-76.05383
CB7.3E,2021-04-06,4.9128,37.22875,-76.05383
CB7.3E,2021-05-11,6.8352,37.22875,-76.05383
CB7.3E,2021-06-02,4.1652,37.22875,-76.05383
CB7.3E,2021-06-21,6.942,37.22875,-76.05383
CB7.3E,2021-07-06,4.42457,37.22875,-76.05383
CB7.3E,2021-08-03,7.1556,37.22875,-76.05383
CB7.3E,2021-08-23,6.0876,37.22875,-76.05383
CB7.3E,2021-09-14,6.408,37.22875,-76.05383
CB7.3E,2021-10-13,5.4468,37.22875,-76.05383
CB7.3E,2021-11-10,5.7672,37.22875,-76.05383
CB7.3E,2021-12-09,9.078,37.22875,-76.05383
CB7.3E,2022-02-07,4.0584,37.22875,-76.05383
CB7.3E,2022-03-15,4.1385,37.22875,-76.05383
CB7.3E,2022-04-25,4.9395,37.22875,-76.05383
CB7.3E,2022-05-18,7.3425,37.22875,-76.05383
CB7.3E,2022-06-09,4.6725,37.22875,-76.05383
CB7.3E,2022-06-29,6.875249999999999,37.22875,-76.05383
CB7.3E,2022-07-11,7.6095,37.22875,-76.05383
CB7.3E,2022-08-10,4.272,37.22875,-76.05383
CB7.3E,2022-08-23,4.005,37.22875,-76.05383
CB7.3E,2022-09-12,3.738,37.22875,-76.05383
CB7.3E,2022-10-20,6.8352,37.22875,-76.05383
CB7.3E,2022-12-06,6.5148,37.22875,-76.05383
CB7.3E,2023-01-20,4.0584,37.22875,-76.05383
CB7.3E,2023-02-14,3.6312,37.22875,-76.05383
CB7.3E,2023-03-20,4.4856,37.22875,-76.05383
CB7.3E,2023-04-26,3.0972,37.22875,-76.05383
CB7.3E,2023-05-11,2.5632,37.22875,-76.05383
CB7.3E,2023-06-05,2.3496,37.22875,-76.05383
CB7.3E,2023-06-29,5.1264,37.22875,-76.05383
CB7.3E,2023-07-10,5.5536,37.22875,-76.05383
CB7.3E,2023-08-16,5.0196,37.22875,-76.05383
CB7.3E,2023-08-28,4.4856,37.22875,-76.05383
CB7.3E,2023-09-11,1.602,37.22875,-76.05383
CB7.3E,2023-10-11,7.1556,37.22875,-76.05383
CB7.3E,2023-11-15,10.146,37.22875,-76.05383
CB7.3E,2024-01-22,5.607,37.22875,-76.05383
CB7.3E,2024-02-20,4.806,37.22875,-76.05383
CB7.3E,2024-04-16,7.476,37.22875,-76.05383
CB7.3E,2024-05-13,5.2332,37.22875,-76.05383
CB7.3E,2024-06-11,4.806,37.22875,-76.05383
CB7.3E,2024-06-25,6.408,37.22875,-76.05383
CB7.3E,2024-07-12,6.0876,37.22875,-76.05383
CB7.3E,2024-08-12,7.3692,37.22875,-76.05383
CB7.3E,2024-08-26,3.3108,37.22875,-76.05383
CB7.3E,2024-09-18,8.08629,37.22875,-76.05383
CB7.3E,2024-10-23,4.272,37.22875,-76.05383
CB7.3E,2024-12-10,5.6604,37.22875,-76.05383
CB7.3E,2025-01-13,4.5924,37.22875,-76.05383
CB7.3E,2025-02-11,1.8156,37.22875,-76.05383
CB7.4,2020-05-29,3.204,36.9957,-76.02048
CB7.4,2020-06-23,4.3788,36.9957,-76.02048
CB7.4,2020-07-15,3.6312,36.9957,-76.02048
CB7.4,2020-08-06,6.141,36.9957,-76.02048
CB7.4,2020-08-27,7.3692,36.9957,-76.02048
CB7.4,2020-09-14,3.8448,36.9957,-76.02048
CB7.4,2020-10-14,7.2624,36.9957,-76.02048
CB7.4,2020-11-16,8.6508,36.9957,-76.02048
CB7.4,2021-01-19,7.476,36.9957,-76.02048
CB7.4,2021-02-09,4.1652,36.9957,-76.02048
CB7.4,2021-03-16,2.9904,36.9957,-76.02048
CB7.4,2021-04-07,1.4952,36.9957,-76.02048
CB7.4,2021-05-11,3.5244,36.9957,-76.02048
CB7.4,2021-06-01,5.1264,36.9957,-76.02048
CB7.4,2021-06-21,3.35657,36.9957,-76.02048
CB7.4,2021-07-08,3.05143,36.9957,-76.02048
CB7.4,2021-08-06,3.4176,36.9957,-76.02048
CB7.4,2021-08-25,3.6312,36.9957,-76.02048
CB7.4,2021-09-15,3.6312,36.9957,-76.02048
CB7.4,2021-10-14,6.408,36.9957,-76.02048
CB7.4,2021-11-11,3.738,36.9957,-76.02048
CB7.4,2021-12-06,7.2624,36.9957,-76.02048
CB7.4,2022-01-19,7.3692,36.9957,-76.02048
CB7.4,2022-02-09,3.0705,36.9957,-76.02048
CB7.4,2022-03-16,2.0025,36.9957,-76.02048
CB7.4,2022-04-25,3.0705,36.9957,-76.02048
CB7.4,2022-05-16,5.874,36.9957,-76.02048
CB7.4,2022-06-10,3.4176,36.9957,-76.02048
CB7.4,2022-06-27,4.272,36.9957,-76.02048
CB7.4,2022-07-12,5.874,36.9957,-76.02048
CB7.4,2022-08-08,4.272,36.9957,-76.02048
CB7.4,2022-08-22,2.5365,36.9957,-76.02048
CB7.4,2022-09-15,4.5924,36.9957,-76.02048
CB7.4,2022-10-20,4.5924,36.9957,-76.02048
CB7.4,2023-01-20,3.738,36.9957,-76.02048
CB7.4,2023-02-21,2.2428,36.9957,-76.02048
CB7.4,2023-03-16,3.4176,36.9957,-76.02048
CB7.4,2023-05-08,2.0292,36.9957,-76.02048
CB7.4,2023-06-09,3.0972,36.9957,-76.02048
CB7.4,2023-06-27,3.0972,36.9957,-76.02048
CB7.4,2023-07-12,4.272,36.9957,-76.02048
CB7.4,2023-08-07,4.1652,36.9957,-76.02048
CB7.4,2023-08-30,3.6312,36.9957,-76.02048
CB7.4,2023-09-13,2.2428,36.9957,-76.02048
CB7.4,2023-10-12,3.8448,36.9957,-76.02048
CB7.4,2023-11-16,12.816,36.9957,-76.02048
CB7.4,2023-12-13,5.7672,36.9957,-76.02048
CB7.4,2024-01-23,2.7768,36.9957,-76.02048
CB7.4,2024-02-22,3.204,36.9957,-76.02048
CB7.4,2024-03-20,5.5536,36.9957,-76.02048
CB7.4,2024-04-15,5.1264,36.9957,-76.02048
CB7.4,2024-05-14,5.2332,36.9957,-76.02048
CB7.4,2024-06-13,3.4176,36.9957,-76.02048
CB7.4,2024-07-12,4.4856,36.9957,-76.02048
CB7.4,2024-08-19,2.0292,36.9957,-76.02048
CB7.4,2024-08-28,3.5244,36.9957,-76.02048
CB7.4,2024-09-20,4.5924,36.9957,-76.02048
CB7.4,2024-10-23,3.4176,36.9957,-76.02048
CB7.4,2024-12-16,5.6604,36.9957,-76.02048
CB7.4,2025-01-16,,36.9957,-76.02048
CB7.4,2025-02-18,2.136,36.9957,-76.02048
CB7.4N,2020-05-29,3.8047500000000003,37.06237,-75.99937
CB7.4N,2020-06-23,4.005,37.06237,-75.99937
CB7.4N,2020-07-15,3.9753300000000005,37.06237,-75.99937
CB7.4N,2020-08-06,4.806,37.06237,-75.99937
CB7.4N,2020-08-27,5.4735,37.06237,-75.99937
CB7.4N,2020-09-14,3.6045,37.06237,-75.99937
CB7.4N,2020-10-14,6.0075,37.06237,-75.99937
CB7.4N,2020-11-16,4.806,37.06237,-75.99937
CB7.4N,2021-01-19,7.9032,37.06237,-75.99937
CB7.4N,2021-02-09,7.1556,37.06237,-75.99937
CB7.4N,2021-03-16,1.8156,37.06237,-75.99937
CB7.4N,2021-04-07,1.492,37.06237,-75.99937
CB7.4N,2021-05-11,3.5244,37.06237,-75.99937
CB7.4N,2021-06-01,3.5244,37.06237,-75.99937
CB7.4N,2021-06-21,6.86571,37.06237,-75.99937
CB7.4N,2021-07-08,3.382,37.06237,-75.99937
CB7.4N,2021-08-06,2.4564,37.06237,-75.99937
CB7.4N,2021-08-25,2.4564,37.06237,-75.99937
CB7.4N,2021-09-15,2.7768,37.06237,-75.99937
CB7.4N,2021-10-14,4.9128,37.06237,-75.99937
CB7.4N,2021-11-11,4.6992,37.06237,-75.99937
CB7.4N,2021-12-06,3.738,37.06237,-75.99937
CB7.4N,2022-01-19,8.277,37.06237,-75.99937
CB7.4N,2022-02-09,2.403,37.06237,-75.99937
CB7.4N,2022-03-16,2.5365,37.06237,-75.99937
CB7.4N,2022-04-25,2.67,37.06237,-75.99937
CB7.4N,2022-05-16,5.874,37.06237,-75.99937
CB7.4N,2022-06-10,2.937,37.06237,-75.99937
CB7.4N,2022-06-27,4.1385,37.06237,-75.99937
CB7.4N,2022-07-12,4.6992,37.06237,-75.99937
CB7.4N,2022-08-08,2.937,37.06237,-75.99937
CB7.4N,2022-08-22,3.204,37.06237,-75.99937
CB7.4N,2022-09-15,3.9516,37.06237,-75.99937
CB7.4N,2022-10-20,5.6604,37.06237,-75.99937
CB7.4N,2023-01-20,3.8448,37.06237,-75.99937
CB7.4N,2023-02-21,1.8156,37.06237,-75.99937
CB7.4N,2023-03-16,3.8448,37.06237,-75.99937
CB7.4N,2023-05-08,1.8156,37.06237,-75.99937
CB7.4N,2023-06-09,2.5632,37.06237,-75.99937
CB7.4N,2023-06-27,3.204,37.06237,-75.99937
CB7.4N,2023-07-12,3.5778,37.06237,-75.99937
CB7.4N,2023-08-07,1.602,37.06237,-75.99937
CB7.4N,2023-08-30,2.3496,37.06237,-75.99937
CB7.4N,2023-09-13,2.7768,37.06237,-75.99937
CB7.4N,2023-10-12,9.8256,37.06237,-75.99937
CB7.4N,2023-11-16,6.0876,37.06237,-75.99937
CB7.4N,2023-12-13,5.874,37.06237,-75.99937
CB7.4N,2024-01-23,3.8448,37.06237,-75.99937
CB7.4N,2024-02-22,5.9808,37.06237,-75.99937
CB7.4N,2024-03-20,7.1556,37.06237,-75.99937
CB7.4N,2024-04-15,5.0196,37.06237,-75.99937
CB7.4N,2024-05-14,4.806,37.06237,-75.99937
CB7.4N,2024-06-13,3.738,37.06237,-75.99937
CB7.4N,2024-08-19,2.136,37.06237,-75.99937
CB7.4N,2024-08-28,1.7088,37.06237,-75.99937
CB7.4N,2024-09-20,5.4468,37.06237,-75.99937
CB7.4N,2024-10-23,2.8836,37.06237,-75.99937
CB7.4N,2024-12-16,4.5924,37.06237,-75.99937
CB7.4N,2025-01-16,4.1652,37.06237,-75.99937
CB7.4N,2025-02-18,1.9224,37.06237,-75.99937
CB8.1,2020-05-29,7.2624,36.99542,-76.16772
CB8.1,2020-06-23,12.816,36.99542,-76.16772
CB8.1,2020-07-15,5.2065,36.99542,-76.16772
CB8.1,2020-08-06,8.01,36.99542,-76.16772
CB8.1,2020-08-24,16.3404,36.99542,-76.16772
CB8.1,2020-09-16,11.9616,36.99542,-76.16772
CB8.1,2020-10-13,6.408,36.99542,-76.16772
CB8.1,2020-11-16,4.1652,36.99542,-76.16772
CB8.1,2021-01-25,7.7964,36.99542,-76.16772
CB8.1,2021-02-08,9.345,36.99542,-76.16772
CB8.1,2021-03-16,7.476,36.99542,-76.16772
CB8.1,2021-04-05,4.3788,36.99542,-76.16772
CB8.1,2021-05-11,7.7964,36.99542,-76.16772
CB8.1,2021-06-01,6.6216,36.99542,-76.16772
CB8.1,2021-06-21,5.95029,36.99542,-76.16772
CB8.1,2021-07-07,4.45,36.99542,-76.16772
CB8.1,2021-08-05,8.30667,36.99542,-76.16772
CB8.1,2021-08-23,8.01,36.99542,-76.16772
CB8.1,2021-09-13,7.6896,36.99542,-76.16772
CB8.1,2021-10-14,6.7284,36.99542,-76.16772
CB8.1,2021-11-11,6.0876,36.99542,-76.16772
CB8.1,2021-12-06,8.2236,36.99542,-76.16772
CB8.1,2022-01-13,3.9516,36.99542,-76.16772
CB8.1,2022-02-09,3.3375,36.99542,-76.16772
CB8.1,2022-03-14,5.7405,36.99542,-76.16772
CB8.1,2022-04-25,4.1385,36.99542,-76.16772
CB8.1,2022-05-17,8.1435,36.99542,-76.16772
CB8.1,2022-06-07,4.272,36.99542,-76.16772
CB8.1,2022-06-27,7.8765,36.99542,-76.16772
CB8.1,2022-07-12,10.7868,36.99542,-76.16772
CB8.1,2022-08-08,9.2115,36.99542,-76.16772
CB8.1,2022-08-22,8.9445,36.99542,-76.16772
CB8.1,2022-09-15,7.209,36.99542,-76.16772
CB8.1,2022-10-20,5.5536,36.99542,-76.16772
CB8.1,2022-12-05,4.9128,36.99542,-76.16772
CB8.1,2023-01-20,7.9032,36.99542,-76.16772
CB8.1,2023-02-21,4.5924,36.99542,-76.16772
CB8.1,2023-03-16,2.2428,36.99542,-76.16772
CB8.1,2023-05-09,3.9516,36.99542,-76.16772
CB8.1,2023-06-09,4.806,36.99542,-76.16772
CB8.1,2023-06-28,3.9516,36.99542,-76.16772
CB8.1,2023-07-12,5.2332,36.99542,-76.16772
CB8.1,2023-08-07,4.4856,36.99542,-76.16772
CB8.1,2023-08-28,5.34,36.99542,-76.16772
CB8.1,2023-09-13,4.4856,36.99542,-76.16772
CB8.1,2023-10-10,8.2236,36.99542,-76.16772
CB8.1,2023-11-16,5.6604,36.99542,-76.16772
CB8.1,2023-12-13,4.1652,36.99542,-76.16772
CB8.1,2024-01-23,5.2332,36.99542,-76.16772
CB8.1,2024-02-22,2.9904,36.99542,-76.16772
CB8.1,2024-03-20,6.5415,36.99542,-76.16772
CB8.1,2024-04-15,6.5148,36.99542,-76.16772
CB8.1,2024-05-14,9.5052,36.99542,-76.16772
CB8.1,2024-06-13,5.0196,36.99542,-76.16772
CB8.1,2024-06-27,6.3012,36.99542,-76.16772
CB8.1,2024-07-12,6.408,36.99542,-76.16772
CB8.1,2024-08-19,3.6312,36.99542,-76.16772
CB8.1,2024-08-27,2.4564,36.99542,-76.16772
CB8.1,2024-09-20,8.8644,36.99542,-76.16772
CB8.1,2024-10-23,4.9128,36.99542,-76.16772
CB8.1,2024-11-11,4.1652,36.99542,-76.16772
CB8.1,2024-12-10,3.204,36.99542,-76.16772
CB8.1,2025-01-16,2.9904,36.99542,-76.16772
CB8.1,2025-02-18,3.0972,36.99542,-76.16772
CB8.1E,2020-05-29,4.9128,36.94737,-76.03494
CB8.1E,2020-06-23,7.3425,36.94737,-76.03494
CB8.1E,2020-07-15,4.272,36.94737,-76.03494
CB8.1E,2020-08-06,5.34,36.94737,-76.03494
CB8.1E,2020-08-27,9.5052,36.94737,-76.03494
CB8.1E,2020-09-14,5.6604,36.94737,-76.03494
CB8.1E,2020-10-14,7.9032,36.94737,-76.03494
CB8.1E,2020-11-16,6.7284,36.94737,-76.03494
CB8.1E,2021-01-19,7.0488,36.94737,-76.03494
CB8.1E,2021-02-09,5.2065,36.94737,-76.03494
CB8.1E,2021-03-16,4.0584,36.94737,-76.03494
CB8.1E,2021-04-07,2.7768,36.94737,-76.03494
CB8.1E,2021-05-11,5.874,36.94737,-76.03494
CB8.1E,2021-06-01,6.5148,36.94737,-76.03494
CB8.1E,2021-06-21,5.49257,36.94737,-76.03494
CB8.1E,2021-07-08,2.89886,36.94737,-76.03494
CB8.1E,2021-08-06,6.0876,36.94737,-76.03494
CB8.1E,2021-08-25,5.0196,36.94737,-76.03494
CB8.1E,2021-09-15,5.4468,36.94737,-76.03494
CB8.1E,2021-10-14,4.9128,36.94737,-76.03494
CB8.1E,2021-11-11,5.6604,36.94737,-76.03494
CB8.1E,2021-12-06,8.8644,36.94737,-76.03494
CB8.1E,2022-01-19,5.874,36.94737,-76.03494
CB8.1E,2022-02-09,2.2695,36.94737,-76.03494
CB8.1E,2022-03-16,1.492,36.94737,-76.03494
CB8.1E,2022-04-25,3.3375,36.94737,-76.03494
CB8.1E,2022-05-16,7.3425,36.94737,-76.03494
CB8.1E,2022-06-07,2.67,36.94737,-76.03494
CB8.1E,2022-06-27,4.1385,36.94737,-76.03494
CB8.1E,2022-07-12,7.6095,36.94737,-76.03494
CB8.1E,2022-08-08,5.607,36.94737,-76.03494
CB8.1E,2022-08-22,1.9224,36.94737,-76.03494
CB8.1E,2022-09-15,7.476,36.94737,-76.03494
CB8.1E,2022-10-20,5.4468,36.94737,-76.03494
CB8.1E,2023-01-20,4.272,36.94737,-76.03494
CB8.1E,2023-02-21,3.9516,36.94737,-76.03494
CB8.1E,2023-03-16,3.738,36.94737,-76.03494
CB8.1E,2023-05-08,2.0292,36.94737,-76.03494
CB8.1E,2023-06-09,3.5244,36.94737,-76.03494
CB8.1E,2023-06-27,3.6312,36.94737,-76.03494
CB8.1E,2023-07-12,5.1264,36.94737,-76.03494
CB8.1E,2023-08-07,5.7672,36.94737,-76.03494
CB8.1E,2023-08-30,3.6312,36.94737,-76.03494
CB8.1E,2023-09-13,4.3788,36.94737,-76.03494
CB8.1E,2023-10-12,5.1264,36.94737,-76.03494
CB8.1E,2023-11-16,7.7964,36.94737,-76.03494
CB8.1E,2023-12-13,5.7672,36.94737,-76.03494
CB8.1E,2024-01-16,5.9808,36.94737,-76.03494
CB8.1E,2024-02-22,4.272,36.94737,-76.03494
CB8.1E,2024-03-20,5.4468,36.94737,-76.03494
CB8.1E,2024-04-15,7.6896,36.94737,-76.03494
CB8.1E,2024-05-14,4.5924,36.94737,-76.03494
CB8.1E,2024-06-13,3.5244,36.94737,-76.03494
CB8.1E,2024-07-12,8.1168,36.94737,-76.03494
CB8.1E,2024-08-19,3.738,36.94737,-76.03494
CB8.1E,2024-08-28,3.8448,36.94737,-76.03494
CB8.1E,2024-09-20,6.3012,36.94737,-76.03494
CB8.1E,2024-10-23,4.6992,36.94737,-76.03494
CB8.1E,2024-12-16,5.7672,36.94737,-76.03494
CB8.1E,2025-01-16,3.0972,36.94737,-76.03494
CB8.1E,2025-02-18,2.4564,36.94737,-76.03494
